Label,FilePath,Width,Height,FileSizeKB
S19,/home/jupyter-260721/Machine-Learning-AI-Class/Project_5/Cursive/S19/N.jpg,1501,1127,896.2900390625
S19,/home/jupyter-260721/Machine-Learning-AI-Class/Project_5/Cursive/S19/A.jpg,1270,1047,648.89453125
S19,/home/jupyter-260721/Machine-Learning-AI-Class/Project_5/Cursive/S19/B.jpg,1564,1144,975.4619140625
S19,/home/jupyter-260721/Machine-Learning-AI-Class/Project_5/Cursive/S19/C.jpg,2099,1482,1760.1796875
S19,/home/jupyter-260721/Machine-Learning-AI-Class/Project_5/Cursive/S19/K.jpg,1449,1147,923.54296875
S19,/home/jupyter-260721/Machine-Learning-AI-Class/Project_5/Cursive/S19/I.jpg,1187,980,552.4287109375
S19,/home/jupyter-260721/Machine-Learning-AI-Class/Project_5/Cursive/S19/S.jpg,1320,1056,731.7724609375
S19,/home/jupyter-260721/Machine-Learning-AI-Class/Project_5/Cursive/S19/M.jpg,1801,1467,1441.59375
S19,/home/jupyter-260721/Machine-Learning-AI-Class/Project_5/Cursive/S19/D.jpg,1266,1009,227.96875
S19,/home/jupyter-260721/Machine-Learning-AI-Class/Project_5/Cursive/S19/Z.jpg,1708,1308,1195.4501953125
S19,/home/jupyter-260721/Machine-Learning-AI-Class/Project_5/Cursive/S19/Q.jpg,1635,1098,996.361328125
S19,/home/jupyter-260721/Machine-Learning-AI-Class/Project_5/Cursive/S19/H.jpg,2213,1565,1778.12890625
S19,/home/jupyter-260721/Machine-Learning-AI-Class/Project_5/Cursive/S19/U.jpg,1445,1100,817.048828125
S19,/home/jupyter-260721/Machine-Learning-AI-Class/Project_5/Cursive/S19/E.jpg,1201,1094,624.107421875
S19,/home/jupyter-260721/Machine-Learning-AI-Class/Project_5/Cursive/S19/W.jpg,1424,1058,833.033203125
S19,/home/jupyter-260721/Machine-Learning-AI-Class/Project_5/Cursive/S19/G.jpg,1744,1246,1149.080078125
S19,/home/jupyter-260721/Machine-Learning-AI-Class/Project_5/Cursive/S19/O.jpg,1753,1196,786.7333984375
S19,/home/jupyter-260721/Machine-Learning-AI-Class/Project_5/Cursive/S19/P.jpg,1690,1308,1271.5771484375
S19,/home/jupyter-260721/Machine-Learning-AI-Class/Project_5/Cursive/S19/F.jpg,1570,1269,1204.8173828125
S19,/home/jupyter-260721/Machine-Learning-AI-Class/Project_5/Cursive/S19/R.jpg,1374,1134,888.0830078125
S19,/home/jupyter-260721/Machine-Learning-AI-Class/Project_5/Cursive/S19/Y.jpg,1319,1044,750.1376953125
S19,/home/jupyter-260721/Machine-Learning-AI-Class/Project_5/Cursive/S19/J.jpg,1623,1226,970.06640625
S19,/home/jupyter-260721/Machine-Learning-AI-Class/Project_5/Cursive/S19/T.jpg,1602,1264,1231.01953125
S19,/home/jupyter-260721/Machine-Learning-AI-Class/Project_5/Cursive/S19/X.jpg,1717,1260,1146.755859375
S19,/home/jupyter-260721/Machine-Learning-AI-Class/Project_5/Cursive/S19/L.jpg,1187,969,196.0927734375
S19,/home/jupyter-260721/Machine-Learning-AI-Class/Project_5/Cursive/S19/V.jpg,1400,1191,995.775390625
S34,/home/jupyter-260721/Machine-Learning-AI-Class/Project_5/Cursive/S34/IMG_4932.jpeg,3264,2448,2377.1884765625
S34,/home/jupyter-260721/Machine-Learning-AI-Class/Project_5/Cursive/S34/IMG_4933.jpeg,3264,2448,2313.15234375
S34,/home/jupyter-260721/Machine-Learning-AI-Class/Project_5/Cursive/S34/IMG_4931.jpeg,3264,2448,2387.091796875
S34,/home/jupyter-260721/Machine-Learning-AI-Class/Project_5/Cursive/S34/IMG_4925.jpeg,3264,2448,2395.3544921875
S34,/home/jupyter-260721/Machine-Learning-AI-Class/Project_5/Cursive/S34/IMG_4927.jpeg,3264,2448,2404.3046875
S34,/home/jupyter-260721/Machine-Learning-AI-Class/Project_5/Cursive/S34/IMG_4934.jpeg,3264,2448,2379.482421875
S34,/home/jupyter-260721/Machine-Learning-AI-Class/Project_5/Cursive/S34/IMG_4926.jpeg,3264,2448,2082.6875
S34,/home/jupyter-260721/Machine-Learning-AI-Class/Project_5/Cursive/S34/IMG_4928.jpeg,3264,2448,1919.052734375
S34,/home/jupyter-260721/Machine-Learning-AI-Class/Project_5/Cursive/S34/IMG_4929.jpeg,3264,2448,2428.5439453125
S34,/home/jupyter-260721/Machine-Learning-AI-Class/Project_5/Cursive/S34/IMG_4930.jpeg,3264,2448,2340.234375
S29,/home/jupyter-260721/Machine-Learning-AI-Class/Project_5/Cursive/S29/q.PNG,1178,812,68.9970703125
S29,/home/jupyter-260721/Machine-Learning-AI-Class/Project_5/Cursive/S29/a.PNG,690,475,27.71484375
S29,/home/jupyter-260721/Machine-Learning-AI-Class/Project_5/Cursive/S29/f.PNG,485,334,19.099609375
S29,/home/jupyter-260721/Machine-Learning-AI-Class/Project_5/Cursive/S29/k.PNG,792,546,46.6025390625
S29,/home/jupyter-260721/Machine-Learning-AI-Class/Project_5/Cursive/S29/b.PNG,969,668,40.7158203125
S29,/home/jupyter-260721/Machine-Learning-AI-Class/Project_5/Cursive/S29/r.PNG,956,659,51.4453125
S29,/home/jupyter-260721/Machine-Learning-AI-Class/Project_5/Cursive/S29/c.PNG,538,371,19.08984375
S29,/home/jupyter-260721/Machine-Learning-AI-Class/Project_5/Cursive/S29/i.PNG,750,517,24.685546875
S29,/home/jupyter-260721/Machine-Learning-AI-Class/Project_5/Cursive/S29/n.PNG,800,551,60.4443359375
S29,/home/jupyter-260721/Machine-Learning-AI-Class/Project_5/Cursive/S29/z.PNG,624,735,24.6865234375
S29,/home/jupyter-260721/Machine-Learning-AI-Class/Project_5/Cursive/S29/y.PNG,234,223,9.818359375
S29,/home/jupyter-260721/Machine-Learning-AI-Class/Project_5/Cursive/S29/d.PNG,471,325,17.5458984375
S29,/home/jupyter-260721/Machine-Learning-AI-Class/Project_5/Cursive/S29/g.PNG,559,385,22.3662109375
S29,/home/jupyter-260721/Machine-Learning-AI-Class/Project_5/Cursive/S29/o.PNG,414,286,12.69140625
S29,/home/jupyter-260721/Machine-Learning-AI-Class/Project_5/Cursive/S29/v.PNG,767,529,33.837890625
S29,/home/jupyter-260721/Machine-Learning-AI-Class/Project_5/Cursive/S29/m.PNG,589,406,31.4638671875
S29,/home/jupyter-260721/Machine-Learning-AI-Class/Project_5/Cursive/S29/j.PNG,967,666,55.21484375
S29,/home/jupyter-260721/Machine-Learning-AI-Class/Project_5/Cursive/S29/u.PNG,1017,701,49.712890625
S29,/home/jupyter-260721/Machine-Learning-AI-Class/Project_5/Cursive/S29/h.PNG,771,531,42.806640625
S29,/home/jupyter-260721/Machine-Learning-AI-Class/Project_5/Cursive/S29/x.PNG,932,643,48.4853515625
S29,/home/jupyter-260721/Machine-Learning-AI-Class/Project_5/Cursive/S29/l.PNG,745,513,33.1591796875
S29,/home/jupyter-260721/Machine-Learning-AI-Class/Project_5/Cursive/S29/p.PNG,1004,692,45.326171875
S29,/home/jupyter-260721/Machine-Learning-AI-Class/Project_5/Cursive/S29/e.PNG,599,413,13.689453125
S29,/home/jupyter-260721/Machine-Learning-AI-Class/Project_5/Cursive/S29/s.PNG,761,525,32.5615234375
S29,/home/jupyter-260721/Machine-Learning-AI-Class/Project_5/Cursive/S29/t.PNG,739,510,31.466796875
S29,/home/jupyter-260721/Machine-Learning-AI-Class/Project_5/Cursive/S29/w.PNG,815,561,34.412109375
S11,/home/jupyter-260721/Machine-Learning-AI-Class/Project_5/Cursive/S11/j.jpg,3024,4032,1574.251953125
S11,/home/jupyter-260721/Machine-Learning-AI-Class/Project_5/Cursive/S11/k.jpg,3024,4032,1674.1982421875
S10,/home/jupyter-260721/Machine-Learning-AI-Class/Project_5/Cursive/S10/s.JPG,747,747,100.82421875
S10,/home/jupyter-260721/Machine-Learning-AI-Class/Project_5/Cursive/S10/r.JPG,647,647,78.4501953125
S10,/home/jupyter-260721/Machine-Learning-AI-Class/Project_5/Cursive/S10/t.JPG,872,872,131.943359375
S10,/home/jupyter-260721/Machine-Learning-AI-Class/Project_5/Cursive/S10/d.JPG,558,558,67.8662109375
S10,/home/jupyter-260721/Machine-Learning-AI-Class/Project_5/Cursive/S10/k.JPG,750,750,110.26171875
S10,/home/jupyter-260721/Machine-Learning-AI-Class/Project_5/Cursive/S10/i.JPG,711,711,86.47265625
S10,/home/jupyter-260721/Machine-Learning-AI-Class/Project_5/Cursive/S10/v.JPG,685,685,85.74609375
S10,/home/jupyter-260721/Machine-Learning-AI-Class/Project_5/Cursive/S10/e.JPG,544,544,65.8662109375
S10,/home/jupyter-260721/Machine-Learning-AI-Class/Project_5/Cursive/S10/q.JPG,619,619,69.404296875
S10,/home/jupyter-260721/Machine-Learning-AI-Class/Project_5/Cursive/S10/f.JPG,699,699,89.908203125
S10,/home/jupyter-260721/Machine-Learning-AI-Class/Project_5/Cursive/S10/j.JPG,713,713,78.5625
S10,/home/jupyter-260721/Machine-Learning-AI-Class/Project_5/Cursive/S10/l.JPG,964,964,170.21875
S10,/home/jupyter-260721/Machine-Learning-AI-Class/Project_5/Cursive/S10/a.JPG,521,521,52.1474609375
S10,/home/jupyter-260721/Machine-Learning-AI-Class/Project_5/Cursive/S10/c.JPG,411,411,36.8828125
S10,/home/jupyter-260721/Machine-Learning-AI-Class/Project_5/Cursive/S10/o.JPG,890,890,160.0068359375
S10,/home/jupyter-260721/Machine-Learning-AI-Class/Project_5/Cursive/S10/w.JPG,964,964,171.0966796875
S10,/home/jupyter-260721/Machine-Learning-AI-Class/Project_5/Cursive/S10/n.JPG,1056,1056,203.349609375
S10,/home/jupyter-260721/Machine-Learning-AI-Class/Project_5/Cursive/S10/g.JPG,463,463,47.451171875
S10,/home/jupyter-260721/Machine-Learning-AI-Class/Project_5/Cursive/S10/y.JPG,948,948,176.240234375
S10,/home/jupyter-260721/Machine-Learning-AI-Class/Project_5/Cursive/S10/u.JPG,912,912,156.3330078125
S10,/home/jupyter-260721/Machine-Learning-AI-Class/Project_5/Cursive/S10/p.JPG,949,949,167.359375
S10,/home/jupyter-260721/Machine-Learning-AI-Class/Project_5/Cursive/S10/h.JPG,693,693,87.35546875
S10,/home/jupyter-260721/Machine-Learning-AI-Class/Project_5/Cursive/S10/b.JPG,509,509,55.982421875
S10,/home/jupyter-260721/Machine-Learning-AI-Class/Project_5/Cursive/S10/x.JPG,829,829,142.1962890625
S10,/home/jupyter-260721/Machine-Learning-AI-Class/Project_5/Cursive/S10/m.JPG,819,819,133.65625
S10,/home/jupyter-260721/Machine-Learning-AI-Class/Project_5/Cursive/S10/z.JPG,858,858,148.0302734375
S11,/home/jupyter-260721/Machine-Learning-AI-Class/Project_5/Cursive/S10/S11/d.jpg,3024,4032,1547.037109375
S11,/home/jupyter-260721/Machine-Learning-AI-Class/Project_5/Cursive/S10/S11/p.jpg,3024,4032,1564.462890625
S11,/home/jupyter-260721/Machine-Learning-AI-Class/Project_5/Cursive/S10/S11/t.jpg,3024,4032,1538.6884765625
S11,/home/jupyter-260721/Machine-Learning-AI-Class/Project_5/Cursive/S10/S11/a.jpg,3024,4032,1702.3544921875
S11,/home/jupyter-260721/Machine-Learning-AI-Class/Project_5/Cursive/S10/S11/o.jpg,3024,4032,1627.2998046875
S11,/home/jupyter-260721/Machine-Learning-AI-Class/Project_5/Cursive/S10/S11/j.jpg,3024,4032,1574.251953125
S11,/home/jupyter-260721/Machine-Learning-AI-Class/Project_5/Cursive/S10/S11/e.jpg,3024,4032,1528.755859375
S11,/home/jupyter-260721/Machine-Learning-AI-Class/Project_5/Cursive/S10/S11/i.jpg,3024,4032,1727.0830078125
S11,/home/jupyter-260721/Machine-Learning-AI-Class/Project_5/Cursive/S10/S11/m.jpg,3024,4032,1648.10546875
S11,/home/jupyter-260721/Machine-Learning-AI-Class/Project_5/Cursive/S10/S11/k.jpg,3024,4032,1674.1982421875
S11,/home/jupyter-260721/Machine-Learning-AI-Class/Project_5/Cursive/S10/S11/v.jpg,3024,4032,1568.6904296875
S11,/home/jupyter-260721/Machine-Learning-AI-Class/Project_5/Cursive/S10/S11/x.jpg,3024,4032,1528.677734375
S11,/home/jupyter-260721/Machine-Learning-AI-Class/Project_5/Cursive/S10/S11/c.jpg,3024,4032,1614.943359375
S11,/home/jupyter-260721/Machine-Learning-AI-Class/Project_5/Cursive/S10/S11/z.jpg,3024,4032,1654.759765625
S11,/home/jupyter-260721/Machine-Learning-AI-Class/Project_5/Cursive/S10/S11/f.jpg,3024,4032,1607.162109375
S11,/home/jupyter-260721/Machine-Learning-AI-Class/Project_5/Cursive/S10/S11/q.jpg,3024,4032,1670.6142578125
S11,/home/jupyter-260721/Machine-Learning-AI-Class/Project_5/Cursive/S10/S11/h.jpg,3024,4032,1794.76953125
S11,/home/jupyter-260721/Machine-Learning-AI-Class/Project_5/Cursive/S10/S11/r.jpg,3024,4032,1607.80078125
S11,/home/jupyter-260721/Machine-Learning-AI-Class/Project_5/Cursive/S10/S11/u.jpg,3024,4032,1530.4208984375
S11,/home/jupyter-260721/Machine-Learning-AI-Class/Project_5/Cursive/S10/S11/g.jpg,3024,4032,1549.3330078125
S11,/home/jupyter-260721/Machine-Learning-AI-Class/Project_5/Cursive/S10/S11/l.jpg,3024,4032,1681.763671875
S11,/home/jupyter-260721/Machine-Learning-AI-Class/Project_5/Cursive/S10/S11/y.jpg,3024,4032,1575.771484375
S11,/home/jupyter-260721/Machine-Learning-AI-Class/Project_5/Cursive/S10/S11/n.jpg,3024,4032,1701.3056640625
S11,/home/jupyter-260721/Machine-Learning-AI-Class/Project_5/Cursive/S10/S11/w.jpg,3024,4032,1552.3017578125
S11,/home/jupyter-260721/Machine-Learning-AI-Class/Project_5/Cursive/S10/S11/s.jpg,3024,4032,1545.5576171875
S11,/home/jupyter-260721/Machine-Learning-AI-Class/Project_5/Cursive/S10/S11/b.jpg,3024,4032,1751.216796875
S14,/home/jupyter-260721/Machine-Learning-AI-Class/Project_5/Cursive/S10/S14/k.HEIC,3264,2448,1641.396484375
S14,/home/jupyter-260721/Machine-Learning-AI-Class/Project_5/Cursive/S10/S14/e.HEIC,3264,2448,1636.1630859375
S14,/home/jupyter-260721/Machine-Learning-AI-Class/Project_5/Cursive/S10/S14/n.HEIC,3264,2448,472.494140625
S14,/home/jupyter-260721/Machine-Learning-AI-Class/Project_5/Cursive/S10/S14/m.HEIC,3264,2448,1634.208984375
S14,/home/jupyter-260721/Machine-Learning-AI-Class/Project_5/Cursive/S10/S14/w.HEIC,3264,2448,1656.1552734375
S14,/home/jupyter-260721/Machine-Learning-AI-Class/Project_5/Cursive/S10/S14/j.HEIC,3264,2448,1682.7275390625
S14,/home/jupyter-260721/Machine-Learning-AI-Class/Project_5/Cursive/S10/S14/v.HEIC,3264,2448,1631.46484375
S14,/home/jupyter-260721/Machine-Learning-AI-Class/Project_5/Cursive/S10/S14/u.HEIC,3264,2448,1662.9580078125
S14,/home/jupyter-260721/Machine-Learning-AI-Class/Project_5/Cursive/S10/S14/l.HEIC,3264,2448,349.21484375
S14,/home/jupyter-260721/Machine-Learning-AI-Class/Project_5/Cursive/S10/S14/g.HEIC,3264,2448,1646.345703125
S14,/home/jupyter-260721/Machine-Learning-AI-Class/Project_5/Cursive/S10/S14/b.HEIC,3264,2448,373.5869140625
S14,/home/jupyter-260721/Machine-Learning-AI-Class/Project_5/Cursive/S10/S14/p.HEIC,3264,2448,1616.7041015625
S14,/home/jupyter-260721/Machine-Learning-AI-Class/Project_5/Cursive/S10/S14/r.HEIC,3264,2448,1641.9462890625
S14,/home/jupyter-260721/Machine-Learning-AI-Class/Project_5/Cursive/S10/S14/c.HEIC,3264,2448,1600.9130859375
S14,/home/jupyter-260721/Machine-Learning-AI-Class/Project_5/Cursive/S10/S14/s.HEIC,3264,2448,1704.341796875
S14,/home/jupyter-260721/Machine-Learning-AI-Class/Project_5/Cursive/S10/S14/o.HEIC,3264,2448,461.203125
S14,/home/jupyter-260721/Machine-Learning-AI-Class/Project_5/Cursive/S10/S14/z.HEIC,3264,2448,1581.2939453125
S14,/home/jupyter-260721/Machine-Learning-AI-Class/Project_5/Cursive/S10/S14/h.HEIC,3264,2448,491.169921875
S14,/home/jupyter-260721/Machine-Learning-AI-Class/Project_5/Cursive/S10/S14/q.HEIC,3264,2448,1619.9697265625
S14,/home/jupyter-260721/Machine-Learning-AI-Class/Project_5/Cursive/S10/S14/d.HEIC,3264,2448,1697.837890625
S14,/home/jupyter-260721/Machine-Learning-AI-Class/Project_5/Cursive/S10/S14/x.HEIC,3264,2448,1583.9013671875
S14,/home/jupyter-260721/Machine-Learning-AI-Class/Project_5/Cursive/S10/S14/t.HEIC,3264,2448,1651.951171875
S14,/home/jupyter-260721/Machine-Learning-AI-Class/Project_5/Cursive/S10/S14/i.HEIC,3264,2448,1616.0361328125
S14,/home/jupyter-260721/Machine-Learning-AI-Class/Project_5/Cursive/S10/S14/a.HEIC,3264,2448,1704.2783203125
S14,/home/jupyter-260721/Machine-Learning-AI-Class/Project_5/Cursive/S10/S14/f.HEIC,3264,2448,1622.529296875
S14,/home/jupyter-260721/Machine-Learning-AI-Class/Project_5/Cursive/S10/S14/y.HEIC,3264,2448,1654.6123046875
S12,/home/jupyter-260721/Machine-Learning-AI-Class/Project_5/Cursive/S10/S12/q,3024,4032,3148.912109375
S12,/home/jupyter-260721/Machine-Learning-AI-Class/Project_5/Cursive/S10/S12/h,3024,4032,3381.2939453125
S12,/home/jupyter-260721/Machine-Learning-AI-Class/Project_5/Cursive/S10/S12/g,3024,4032,2797.080078125
S12,/home/jupyter-260721/Machine-Learning-AI-Class/Project_5/Cursive/S10/S12/m,3024,4032,2734.6982421875
S12,/home/jupyter-260721/Machine-Learning-AI-Class/Project_5/Cursive/S10/S12/x,3024,4032,3087.7041015625
S12,/home/jupyter-260721/Machine-Learning-AI-Class/Project_5/Cursive/S10/S12/d,3024,4032,2897.4453125
S12,/home/jupyter-260721/Machine-Learning-AI-Class/Project_5/Cursive/S10/S12/k,3024,4032,3115.220703125
S12,/home/jupyter-260721/Machine-Learning-AI-Class/Project_5/Cursive/S10/S12/e,3024,4032,3059.0625
S12,/home/jupyter-260721/Machine-Learning-AI-Class/Project_5/Cursive/S10/S12/y,3024,4032,2902.169921875
S12,/home/jupyter-260721/Machine-Learning-AI-Class/Project_5/Cursive/S10/S12/p,3024,4032,3073.14453125
S12,/home/jupyter-260721/Machine-Learning-AI-Class/Project_5/Cursive/S10/S12/s,3024,4032,3020.1123046875
S12,/home/jupyter-260721/Machine-Learning-AI-Class/Project_5/Cursive/S10/S12/u,3024,4032,3145.83203125
S12,/home/jupyter-260721/Machine-Learning-AI-Class/Project_5/Cursive/S10/S12/l,3024,4032,2998.1923828125
S12,/home/jupyter-260721/Machine-Learning-AI-Class/Project_5/Cursive/S10/S12/w,3024,4032,3182.3828125
S12,/home/jupyter-260721/Machine-Learning-AI-Class/Project_5/Cursive/S10/S12/j,3024,4032,3118.5546875
S12,/home/jupyter-260721/Machine-Learning-AI-Class/Project_5/Cursive/S10/S12/v,3024,4032,3611.578125
S12,/home/jupyter-260721/Machine-Learning-AI-Class/Project_5/Cursive/S10/S12/c,3024,4032,3215.595703125
S12,/home/jupyter-260721/Machine-Learning-AI-Class/Project_5/Cursive/S10/S12/n,3024,4032,2762.8466796875
S12,/home/jupyter-260721/Machine-Learning-AI-Class/Project_5/Cursive/S10/S12/f,3024,4032,2885.0732421875
S12,/home/jupyter-260721/Machine-Learning-AI-Class/Project_5/Cursive/S10/S12/z,3024,4032,2909.9453125
S12,/home/jupyter-260721/Machine-Learning-AI-Class/Project_5/Cursive/S10/S12/b,3024,4032,3178.83203125
S12,/home/jupyter-260721/Machine-Learning-AI-Class/Project_5/Cursive/S10/S12/r,3024,4032,3153.501953125
S12,/home/jupyter-260721/Machine-Learning-AI-Class/Project_5/Cursive/S10/S12/t,3024,4032,2660.1552734375
S12,/home/jupyter-260721/Machine-Learning-AI-Class/Project_5/Cursive/S10/S12/a,3024,4032,3255.955078125
S12,/home/jupyter-260721/Machine-Learning-AI-Class/Project_5/Cursive/S10/S12/i,3024,4032,3310.28125
S12,/home/jupyter-260721/Machine-Learning-AI-Class/Project_5/Cursive/S10/S12/o,3024,4032,3407.779296875
S13,/home/jupyter-260721/Machine-Learning-AI-Class/Project_5/Cursive/S10/S13/IMG_1706(1).HEIC,3024,4032,3238.11328125
S13,/home/jupyter-260721/Machine-Learning-AI-Class/Project_5/Cursive/S10/S13/k.HEIC,3024,4032,3238.11328125
S13,/home/jupyter-260721/Machine-Learning-AI-Class/Project_5/Cursive/S10/S13/e.HEIC,3024,4032,2821.5849609375
S13,/home/jupyter-260721/Machine-Learning-AI-Class/Project_5/Cursive/S10/S13/IMG_1703.HEIC,3024,4032,3496.9228515625
S13,/home/jupyter-260721/Machine-Learning-AI-Class/Project_5/Cursive/S10/S13/n.HEIC,3024,4032,3133.0068359375
S13,/home/jupyter-260721/Machine-Learning-AI-Class/Project_5/Cursive/S10/S13/IMG_1696(1).HEIC,3024,4032,3166.9501953125
S13,/home/jupyter-260721/Machine-Learning-AI-Class/Project_5/Cursive/S10/S13/m.HEIC,3024,4032,3305.3212890625
S13,/home/jupyter-260721/Machine-Learning-AI-Class/Project_5/Cursive/S10/S13/IMG_1705(1).HEIC,3024,4032,2961.9462890625
S13,/home/jupyter-260721/Machine-Learning-AI-Class/Project_5/Cursive/S10/S13/w.HEIC,3024,4032,3020.1318359375
S13,/home/jupyter-260721/Machine-Learning-AI-Class/Project_5/Cursive/S10/S13/IMG_1695.HEIC,3024,4032,3394.4150390625
S13,/home/jupyter-260721/Machine-Learning-AI-Class/Project_5/Cursive/S10/S13/IMG_1710.HEIC,3024,4032,3229.3515625
S13,/home/jupyter-260721/Machine-Learning-AI-Class/Project_5/Cursive/S10/S13/IMG_1714.HEIC,3024,4032,3162.966796875
S13,/home/jupyter-260721/Machine-Learning-AI-Class/Project_5/Cursive/S10/S13/IMG_1717(1).HEIC,3024,4032,2868.3447265625
S13,/home/jupyter-260721/Machine-Learning-AI-Class/Project_5/Cursive/S10/S13/IMG_1705.HEIC,3024,4032,2961.9462890625
S13,/home/jupyter-260721/Machine-Learning-AI-Class/Project_5/Cursive/S10/S13/j.HEIC,3024,4032,2961.9462890625
S13,/home/jupyter-260721/Machine-Learning-AI-Class/Project_5/Cursive/S10/S13/v.HEIC,3024,4032,2868.3447265625
S13,/home/jupyter-260721/Machine-Learning-AI-Class/Project_5/Cursive/S10/S13/IMG_1719(1).HEIC,3024,4032,2872.345703125
S13,/home/jupyter-260721/Machine-Learning-AI-Class/Project_5/Cursive/S10/S13/u.HEIC,3024,4032,2945.2919921875
S13,/home/jupyter-260721/Machine-Learning-AI-Class/Project_5/Cursive/S10/S13/IMG_1699.HEIC,3024,4032,2813.5224609375
S13,/home/jupyter-260721/Machine-Learning-AI-Class/Project_5/Cursive/S10/S13/IMG_1715(1).HEIC,3024,4032,2912.5478515625
S13,/home/jupyter-260721/Machine-Learning-AI-Class/Project_5/Cursive/S10/S13/IMG_1698(1).HEIC,3024,4032,2821.5849609375
S13,/home/jupyter-260721/Machine-Learning-AI-Class/Project_5/Cursive/S10/S13/IMG_1695(1).HEIC,3024,4032,3394.4150390625
S13,/home/jupyter-260721/Machine-Learning-AI-Class/Project_5/Cursive/S10/S13/IMG_1699(1).HEIC,3024,4032,2813.5224609375
S13,/home/jupyter-260721/Machine-Learning-AI-Class/Project_5/Cursive/S10/S13/IMG_1702.HEIC,3024,4032,2725.0234375
S13,/home/jupyter-260721/Machine-Learning-AI-Class/Project_5/Cursive/S10/S13/IMG_1719.HEIC,3024,4032,2872.345703125
S13,/home/jupyter-260721/Machine-Learning-AI-Class/Project_5/Cursive/S10/S13/IMG_1716.HEIC,3024,4032,2945.2919921875
S13,/home/jupyter-260721/Machine-Learning-AI-Class/Project_5/Cursive/S10/S13/IMG_1702(1).HEIC,3024,4032,2725.0234375
S13,/home/jupyter-260721/Machine-Learning-AI-Class/Project_5/Cursive/S10/S13/IMG_1708.HEIC,3024,4032,3305.3212890625
S13,/home/jupyter-260721/Machine-Learning-AI-Class/Project_5/Cursive/S10/S13/IMG_1694(1).HEIC,3024,4032,3655.6435546875
S13,/home/jupyter-260721/Machine-Learning-AI-Class/Project_5/Cursive/S10/S13/IMG_1713(1).HEIC,3024,4032,2833.9814453125
S13,/home/jupyter-260721/Machine-Learning-AI-Class/Project_5/Cursive/S10/S13/IMG_1694.HEIC,3024,4032,3655.6435546875
S13,/home/jupyter-260721/Machine-Learning-AI-Class/Project_5/Cursive/S10/S13/l.HEIC,3024,4032,3275.2802734375
S13,/home/jupyter-260721/Machine-Learning-AI-Class/Project_5/Cursive/S10/S13/g.HEIC,3024,4032,2651.0888671875
S13,/home/jupyter-260721/Machine-Learning-AI-Class/Project_5/Cursive/S10/S13/IMG_1707(1).HEIC,3024,4032,3275.2802734375
S13,/home/jupyter-260721/Machine-Learning-AI-Class/Project_5/Cursive/S10/S13/IMG_1718(1).HEIC,3024,4032,3020.1318359375
S13,/home/jupyter-260721/Machine-Learning-AI-Class/Project_5/Cursive/S10/S13/IMG_1720(1).HEIC,3024,4032,3229.1044921875
S13,/home/jupyter-260721/Machine-Learning-AI-Class/Project_5/Cursive/S10/S13/IMG_1716(1).HEIC,3024,4032,2945.2919921875
S13,/home/jupyter-260721/Machine-Learning-AI-Class/Project_5/Cursive/S10/S13/b.HEIC,3024,4032,3394.4150390625
S13,/home/jupyter-260721/Machine-Learning-AI-Class/Project_5/Cursive/S10/S13/p.HEIC,3024,4032,3252.4345703125
S13,/home/jupyter-260721/Machine-Learning-AI-Class/Project_5/Cursive/S10/S13/IMG_1718.HEIC,3024,4032,3020.1318359375
S13,/home/jupyter-260721/Machine-Learning-AI-Class/Project_5/Cursive/S10/S13/r.HEIC,3024,4032,2833.9814453125
S13,/home/jupyter-260721/Machine-Learning-AI-Class/Project_5/Cursive/S10/S13/IMG_1721(1).HEIC,3024,4032,3399.5244140625
S13,/home/jupyter-260721/Machine-Learning-AI-Class/Project_5/Cursive/S10/S13/IMG_1714(1).HEIC,3024,4032,3162.966796875
S13,/home/jupyter-260721/Machine-Learning-AI-Class/Project_5/Cursive/S10/S13/IMG_1703(1).HEIC,3024,4032,3496.9228515625
S13,/home/jupyter-260721/Machine-Learning-AI-Class/Project_5/Cursive/S10/S13/IMG_1715.HEIC,3024,4032,2912.5478515625
S13,/home/jupyter-260721/Machine-Learning-AI-Class/Project_5/Cursive/S10/S13/IMG_1709(1).HEIC,3024,4032,3133.0068359375
S13,/home/jupyter-260721/Machine-Learning-AI-Class/Project_5/Cursive/S10/S13/IMG_1697.HEIC,3024,4032,3009.2666015625
S13,/home/jupyter-260721/Machine-Learning-AI-Class/Project_5/Cursive/S10/S13/c.HEIC,3024,4032,3166.9501953125
S13,/home/jupyter-260721/Machine-Learning-AI-Class/Project_5/Cursive/S10/S13/s.HEIC,3024,4032,3162.966796875
S13,/home/jupyter-260721/Machine-Learning-AI-Class/Project_5/Cursive/S10/S13/IMG_1696.HEIC,3024,4032,3166.9501953125
S13,/home/jupyter-260721/Machine-Learning-AI-Class/Project_5/Cursive/S10/S13/IMG_1720.HEIC,3024,4032,3229.1044921875
S13,/home/jupyter-260721/Machine-Learning-AI-Class/Project_5/Cursive/S10/S13/IMG_1708(1).HEIC,3024,4032,3305.3212890625
S13,/home/jupyter-260721/Machine-Learning-AI-Class/Project_5/Cursive/S10/S13/IMG_1698.HEIC,3024,4032,2821.5849609375
S13,/home/jupyter-260721/Machine-Learning-AI-Class/Project_5/Cursive/S10/S13/IMG_1717.HEIC,3024,4032,2868.3447265625
S13,/home/jupyter-260721/Machine-Learning-AI-Class/Project_5/Cursive/S10/S13/o.HEIC,3024,4032,3229.3515625
S13,/home/jupyter-260721/Machine-Learning-AI-Class/Project_5/Cursive/S10/S13/IMG_1712.HEIC,3024,4032,3138.001953125
S13,/home/jupyter-260721/Machine-Learning-AI-Class/Project_5/Cursive/S10/S13/IMG_1710(1).HEIC,3024,4032,3229.3515625
S13,/home/jupyter-260721/Machine-Learning-AI-Class/Project_5/Cursive/S10/S13/z.HEIC,3024,4032,3399.5244140625
S13,/home/jupyter-260721/Machine-Learning-AI-Class/Project_5/Cursive/S10/S13/h.HEIC,3024,4032,2725.0234375
S13,/home/jupyter-260721/Machine-Learning-AI-Class/Project_5/Cursive/S10/S13/IMG_1707.HEIC,3024,4032,3275.2802734375
S13,/home/jupyter-260721/Machine-Learning-AI-Class/Project_5/Cursive/S10/S13/q.HEIC,3024,4032,3138.001953125
S13,/home/jupyter-260721/Machine-Learning-AI-Class/Project_5/Cursive/S10/S13/d.HEIC,3024,4032,3009.2666015625
S13,/home/jupyter-260721/Machine-Learning-AI-Class/Project_5/Cursive/S10/S13/IMG_1711.HEIC,3024,4032,3252.4345703125
S13,/home/jupyter-260721/Machine-Learning-AI-Class/Project_5/Cursive/S10/S13/x.HEIC,3024,4032,2872.345703125
S13,/home/jupyter-260721/Machine-Learning-AI-Class/Project_5/Cursive/S10/S13/IMG_1697(1).HEIC,3024,4032,3009.2666015625
S13,/home/jupyter-260721/Machine-Learning-AI-Class/Project_5/Cursive/S10/S13/t.HEIC,3024,4032,2912.5478515625
S13,/home/jupyter-260721/Machine-Learning-AI-Class/Project_5/Cursive/S10/S13/IMG_1711(1).HEIC,3024,4032,3252.4345703125
S13,/home/jupyter-260721/Machine-Learning-AI-Class/Project_5/Cursive/S10/S13/i.HEIC,3024,4032,3496.9228515625
S13,/home/jupyter-260721/Machine-Learning-AI-Class/Project_5/Cursive/S10/S13/IMG_1712(1).HEIC,3024,4032,3138.001953125
S13,/home/jupyter-260721/Machine-Learning-AI-Class/Project_5/Cursive/S10/S13/IMG_1713.HEIC,3024,4032,2833.9814453125
S13,/home/jupyter-260721/Machine-Learning-AI-Class/Project_5/Cursive/S10/S13/a.HEIC,3024,4032,2907.6064453125
S13,/home/jupyter-260721/Machine-Learning-AI-Class/Project_5/Cursive/S10/S13/f.HEIC,3024,4032,2813.5224609375
S13,/home/jupyter-260721/Machine-Learning-AI-Class/Project_5/Cursive/S10/S13/y.HEIC,3024,4032,3229.1044921875
S13,/home/jupyter-260721/Machine-Learning-AI-Class/Project_5/Cursive/S10/S13/IMG_1709.HEIC,3024,4032,3133.0068359375
S13,/home/jupyter-260721/Machine-Learning-AI-Class/Project_5/Cursive/S10/S13/IMG_1721.HEIC,3024,4032,3399.5244140625
S13,/home/jupyter-260721/Machine-Learning-AI-Class/Project_5/Cursive/S10/S13/IMG_1706.HEIC,3024,4032,3238.11328125
S26,/home/jupyter-260721/Machine-Learning-AI-Class/Project_5/Cursive/S26/IMG_7562.HEIC,4032,3024,2475.4541015625
S26,/home/jupyter-260721/Machine-Learning-AI-Class/Project_5/Cursive/S26/IMG_7551.HEIC,4032,3024,2304.3359375
S26,/home/jupyter-260721/Machine-Learning-AI-Class/Project_5/Cursive/S26/IMG_7571.HEIC,4032,3024,2440.46875
S26,/home/jupyter-260721/Machine-Learning-AI-Class/Project_5/Cursive/S26/IMG_7566.HEIC,4032,3024,328.1650390625
S26,/home/jupyter-260721/Machine-Learning-AI-Class/Project_5/Cursive/S26/IMG_7570.HEIC,4032,3024,2411.921875
S26,/home/jupyter-260721/Machine-Learning-AI-Class/Project_5/Cursive/S26/IMG_7574.HEIC,4032,3024,2672.3818359375
S26,/home/jupyter-260721/Machine-Learning-AI-Class/Project_5/Cursive/S26/IMG_7568.HEIC,4032,3024,2714.5703125
S26,/home/jupyter-260721/Machine-Learning-AI-Class/Project_5/Cursive/S26/IMG_7554.HEIC,4032,3024,2454.77734375
S26,/home/jupyter-260721/Machine-Learning-AI-Class/Project_5/Cursive/S26/IMG_7557.HEIC,4032,3024,2338.4013671875
S26,/home/jupyter-260721/Machine-Learning-AI-Class/Project_5/Cursive/S26/IMG_7550.HEIC,4032,3024,1210.3583984375
S26,/home/jupyter-260721/Machine-Learning-AI-Class/Project_5/Cursive/S26/IMG_7559.HEIC,4032,3024,2389.9580078125
S26,/home/jupyter-260721/Machine-Learning-AI-Class/Project_5/Cursive/S26/IMG_7556.HEIC,4032,3024,1414.9716796875
S26,/home/jupyter-260721/Machine-Learning-AI-Class/Project_5/Cursive/S26/IMG_7549.HEIC,4032,3024,1822.7431640625
S26,/home/jupyter-260721/Machine-Learning-AI-Class/Project_5/Cursive/S26/IMG_7560.HEIC,4032,3024,1430.73828125
S26,/home/jupyter-260721/Machine-Learning-AI-Class/Project_5/Cursive/S26/IMG_7572.HEIC,4032,3024,2721.91796875
S26,/home/jupyter-260721/Machine-Learning-AI-Class/Project_5/Cursive/S26/IMG_7567.HEIC,4032,3024,2382.2685546875
S26,/home/jupyter-260721/Machine-Learning-AI-Class/Project_5/Cursive/S26/IMG_7553.HEIC,4032,3024,2602.2978515625
S26,/home/jupyter-260721/Machine-Learning-AI-Class/Project_5/Cursive/S26/IMG_7564.HEIC,4032,3024,2062.291015625
S26,/home/jupyter-260721/Machine-Learning-AI-Class/Project_5/Cursive/S26/IMG_7552.HEIC,4032,3024,2337.2880859375
S26,/home/jupyter-260721/Machine-Learning-AI-Class/Project_5/Cursive/S26/IMG_7569.HEIC,4032,3024,1129.4892578125
S26,/home/jupyter-260721/Machine-Learning-AI-Class/Project_5/Cursive/S26/IMG_7563.HEIC,4032,3024,2194.9619140625
S26,/home/jupyter-260721/Machine-Learning-AI-Class/Project_5/Cursive/S26/IMG_7565.HEIC,4032,3024,2334.57421875
S26,/home/jupyter-260721/Machine-Learning-AI-Class/Project_5/Cursive/S26/IMG_7555.HEIC,4032,3024,2374.2734375
S26,/home/jupyter-260721/Machine-Learning-AI-Class/Project_5/Cursive/S26/IMG_7573.HEIC,4032,3024,2681.5400390625
S26,/home/jupyter-260721/Machine-Learning-AI-Class/Project_5/Cursive/S26/IMG_7558.HEIC,4032,3024,2363.326171875
S26,/home/jupyter-260721/Machine-Learning-AI-Class/Project_5/Cursive/S26/IMG_7561.HEIC,4032,3024,2430.9296875
S16,/home/jupyter-260721/Machine-Learning-AI-Class/Project_5/Cursive/S16/n.jpeg,332,427,37.701171875
S16,/home/jupyter-260721/Machine-Learning-AI-Class/Project_5/Cursive/S16/e.jpeg,323,413,36.3212890625
S16,/home/jupyter-260721/Machine-Learning-AI-Class/Project_5/Cursive/S16/o.jpeg,310,395,34.8056640625
S16,/home/jupyter-260721/Machine-Learning-AI-Class/Project_5/Cursive/S16/i.jpeg,328,413,32.5703125
S16,/home/jupyter-260721/Machine-Learning-AI-Class/Project_5/Cursive/S16/x.jpeg,325,406,35.8603515625
S16,/home/jupyter-260721/Machine-Learning-AI-Class/Project_5/Cursive/S16/r.jpeg,288,406,33.2607421875
S16,/home/jupyter-260721/Machine-Learning-AI-Class/Project_5/Cursive/S16/a.jpeg,342,443,40.6904296875
S16,/home/jupyter-260721/Machine-Learning-AI-Class/Project_5/Cursive/S16/t.jpeg,279,377,30.2841796875
S16,/home/jupyter-260721/Machine-Learning-AI-Class/Project_5/Cursive/S16/b.jpeg,335,421,38.7783203125
S16,/home/jupyter-260721/Machine-Learning-AI-Class/Project_5/Cursive/S16/z.jpeg,303,387,32.75
S16,/home/jupyter-260721/Machine-Learning-AI-Class/Project_5/Cursive/S16/g.jpeg,317,416,38.146484375
S16,/home/jupyter-260721/Machine-Learning-AI-Class/Project_5/Cursive/S16/q.jpeg,325,406,39.7998046875
S16,/home/jupyter-260721/Machine-Learning-AI-Class/Project_5/Cursive/S16/m.jpeg,326,417,36.78515625
S16,/home/jupyter-260721/Machine-Learning-AI-Class/Project_5/Cursive/S16/w.jpeg,316,400,34.9873046875
S16,/home/jupyter-260721/Machine-Learning-AI-Class/Project_5/Cursive/S16/j.jpeg,326,422,33.7578125
S16,/home/jupyter-260721/Machine-Learning-AI-Class/Project_5/Cursive/S16/h.jpeg,342,441,38.0361328125
S16,/home/jupyter-260721/Machine-Learning-AI-Class/Project_5/Cursive/S16/s.jpeg,279,398,31.1142578125
S16,/home/jupyter-260721/Machine-Learning-AI-Class/Project_5/Cursive/S16/v.jpeg,296,380,31.146484375
S16,/home/jupyter-260721/Machine-Learning-AI-Class/Project_5/Cursive/S16/y.jpeg,315,389,33.2431640625
S16,/home/jupyter-260721/Machine-Learning-AI-Class/Project_5/Cursive/S16/u.jpeg,276,402,31.8955078125
S16,/home/jupyter-260721/Machine-Learning-AI-Class/Project_5/Cursive/S16/d.jpeg,328,424,38.2958984375
S16,/home/jupyter-260721/Machine-Learning-AI-Class/Project_5/Cursive/S16/l.jpeg,326,427,38.5302734375
S16,/home/jupyter-260721/Machine-Learning-AI-Class/Project_5/Cursive/S16/k.jpeg,316,411,36.845703125
S16,/home/jupyter-260721/Machine-Learning-AI-Class/Project_5/Cursive/S16/f.jpeg,328,410,37.5478515625
S16,/home/jupyter-260721/Machine-Learning-AI-Class/Project_5/Cursive/S16/p.jpeg,331,402,40.9306640625
S16,/home/jupyter-260721/Machine-Learning-AI-Class/Project_5/Cursive/S16/c.jpeg,330,426,39.0458984375
S17,/home/jupyter-260721/Machine-Learning-AI-Class/Project_5/Cursive/S17/IMG_1332.HEIC,4032,3024,4367.4365234375
S17,/home/jupyter-260721/Machine-Learning-AI-Class/Project_5/Cursive/S17/IMG_1346.HEIC,4032,3024,4162.87890625
S17,/home/jupyter-260721/Machine-Learning-AI-Class/Project_5/Cursive/S17/IMG_1342.HEIC,4032,3024,4195.1513671875
S17,/home/jupyter-260721/Machine-Learning-AI-Class/Project_5/Cursive/S17/IMG_1331.HEIC,4032,3024,4274.0927734375
S17,/home/jupyter-260721/Machine-Learning-AI-Class/Project_5/Cursive/S17/IMG_1334.HEIC,4032,3024,4250.7275390625
S17,/home/jupyter-260721/Machine-Learning-AI-Class/Project_5/Cursive/S17/IMG_1339.HEIC,4032,3024,4353.2431640625
S17,/home/jupyter-260721/Machine-Learning-AI-Class/Project_5/Cursive/S17/IMG_1343.HEIC,4032,3024,4222.455078125
S17,/home/jupyter-260721/Machine-Learning-AI-Class/Project_5/Cursive/S17/IMG_1344.HEIC,4032,3024,4245.16015625
S17,/home/jupyter-260721/Machine-Learning-AI-Class/Project_5/Cursive/S17/IMG_1337.HEIC,4032,3024,4128.177734375
S17,/home/jupyter-260721/Machine-Learning-AI-Class/Project_5/Cursive/S17/IMG_1322.HEIC,4032,3024,4074.9130859375
S17,/home/jupyter-260721/Machine-Learning-AI-Class/Project_5/Cursive/S17/IMG_1333.HEIC,4032,3024,4241.1171875
S17,/home/jupyter-260721/Machine-Learning-AI-Class/Project_5/Cursive/S17/IMG_1338.HEIC,4032,3024,4150.3642578125
S17,/home/jupyter-260721/Machine-Learning-AI-Class/Project_5/Cursive/S17/IMG_1327.HEIC,4032,3024,4118.34375
S17,/home/jupyter-260721/Machine-Learning-AI-Class/Project_5/Cursive/S17/IMG_1329.HEIC,4032,3024,4298.359375
S17,/home/jupyter-260721/Machine-Learning-AI-Class/Project_5/Cursive/S17/IMG_1330.HEIC,4032,3024,4145.5126953125
S17,/home/jupyter-260721/Machine-Learning-AI-Class/Project_5/Cursive/S17/IMG_1325.HEIC,4032,3024,4173.279296875
S17,/home/jupyter-260721/Machine-Learning-AI-Class/Project_5/Cursive/S17/IMG_1326.HEIC,4032,3024,4205.4375
S17,/home/jupyter-260721/Machine-Learning-AI-Class/Project_5/Cursive/S17/IMG_1336.HEIC,4032,3024,4271.7177734375
S17,/home/jupyter-260721/Machine-Learning-AI-Class/Project_5/Cursive/S17/IMG_1340.HEIC,4032,3024,4070.291015625
S17,/home/jupyter-260721/Machine-Learning-AI-Class/Project_5/Cursive/S17/IMG_1341.HEIC,4032,3024,4196.041015625
S17,/home/jupyter-260721/Machine-Learning-AI-Class/Project_5/Cursive/S17/IMG_1324.HEIC,4032,3024,4148.607421875
S17,/home/jupyter-260721/Machine-Learning-AI-Class/Project_5/Cursive/S17/IMG_1335.HEIC,4032,3024,4340.3837890625
S17,/home/jupyter-260721/Machine-Learning-AI-Class/Project_5/Cursive/S17/IMG_1345.HEIC,4032,3024,4086.193359375
S17,/home/jupyter-260721/Machine-Learning-AI-Class/Project_5/Cursive/S17/IMG_1323.HEIC,4032,3024,4322.0458984375
S17,/home/jupyter-260721/Machine-Learning-AI-Class/Project_5/Cursive/S17/IMG_1328.HEIC,4032,3024,4207.2548828125
S18,/home/jupyter-260721/Machine-Learning-AI-Class/Project_5/Cursive/S18/IMG_8119.HEIC,3024,4032,2199.0302734375
S18,/home/jupyter-260721/Machine-Learning-AI-Class/Project_5/Cursive/S18/IMG_8123.HEIC,3024,4032,2170.0771484375
S18,/home/jupyter-260721/Machine-Learning-AI-Class/Project_5/Cursive/S18/IMG_8098.HEIC,3024,4032,2201.693359375
S18,/home/jupyter-260721/Machine-Learning-AI-Class/Project_5/Cursive/S18/IMG_8117.HEIC,3024,4032,2196.95703125
S18,/home/jupyter-260721/Machine-Learning-AI-Class/Project_5/Cursive/S18/IMG_8118.HEIC,3024,4032,1902.0849609375
S18,/home/jupyter-260721/Machine-Learning-AI-Class/Project_5/Cursive/S18/IMG_8110.HEIC,3024,4032,1729.3232421875
S18,/home/jupyter-260721/Machine-Learning-AI-Class/Project_5/Cursive/S18/IMG_8108.HEIC,3024,4032,2015.779296875
S18,/home/jupyter-260721/Machine-Learning-AI-Class/Project_5/Cursive/S18/IMG_8103.HEIC,3024,4032,2329.552734375
S18,/home/jupyter-260721/Machine-Learning-AI-Class/Project_5/Cursive/S18/IMG_8104.HEIC,3024,4032,2270.283203125
S18,/home/jupyter-260721/Machine-Learning-AI-Class/Project_5/Cursive/S18/IMG_8107.HEIC,3024,4032,2291.4111328125
S18,/home/jupyter-260721/Machine-Learning-AI-Class/Project_5/Cursive/S18/IMG_8099.HEIC,3024,4032,2165.275390625
S18,/home/jupyter-260721/Machine-Learning-AI-Class/Project_5/Cursive/S18/IMG_8100.HEIC,3024,4032,2126.150390625
S18,/home/jupyter-260721/Machine-Learning-AI-Class/Project_5/Cursive/S18/IMG_8113.HEIC,3024,4032,2131.87890625
S18,/home/jupyter-260721/Machine-Learning-AI-Class/Project_5/Cursive/S18/IMG_8114.HEIC,3024,4032,2178.1904296875
S18,/home/jupyter-260721/Machine-Learning-AI-Class/Project_5/Cursive/S18/IMG_8106.HEIC,3024,4032,2202.9580078125
S18,/home/jupyter-260721/Machine-Learning-AI-Class/Project_5/Cursive/S18/IMG_8111.HEIC,3024,4032,1431.431640625
S18,/home/jupyter-260721/Machine-Learning-AI-Class/Project_5/Cursive/S18/IMG_8109.HEIC,3024,4032,1763.01171875
S18,/home/jupyter-260721/Machine-Learning-AI-Class/Project_5/Cursive/S18/IMG_8122.HEIC,3024,4032,2024.744140625
S18,/home/jupyter-260721/Machine-Learning-AI-Class/Project_5/Cursive/S18/IMG_8105.HEIC,3024,4032,2089.34375
S18,/home/jupyter-260721/Machine-Learning-AI-Class/Project_5/Cursive/S18/IMG_8124.HEIC,3024,4032,2162.224609375
S18,/home/jupyter-260721/Machine-Learning-AI-Class/Project_5/Cursive/S18/IMG_8115.HEIC,3024,4032,2142.0556640625
S18,/home/jupyter-260721/Machine-Learning-AI-Class/Project_5/Cursive/S18/IMG_8116.HEIC,3024,4032,2276.99609375
S18,/home/jupyter-260721/Machine-Learning-AI-Class/Project_5/Cursive/S18/IMG_8112.HEIC,3024,4032,2202.47265625
S18,/home/jupyter-260721/Machine-Learning-AI-Class/Project_5/Cursive/S18/IMG_8121.HEIC,3024,4032,2137.4638671875
S18,/home/jupyter-260721/Machine-Learning-AI-Class/Project_5/Cursive/S18/IMG_8102.HEIC,3024,4032,2227.0234375
S18,/home/jupyter-260721/Machine-Learning-AI-Class/Project_5/Cursive/S18/IMG_8120.HEIC,3024,4032,2152.232421875
S14,/home/jupyter-260721/Machine-Learning-AI-Class/Project_5/Cursive/S14/n.HEIC,3264,2448,472.494140625
S14,/home/jupyter-260721/Machine-Learning-AI-Class/Project_5/Cursive/S14/l.HEIC,3264,2448,349.21484375
S14,/home/jupyter-260721/Machine-Learning-AI-Class/Project_5/Cursive/S14/b.HEIC,3264,2448,373.5869140625
S14,/home/jupyter-260721/Machine-Learning-AI-Class/Project_5/Cursive/S14/o.HEIC,3264,2448,461.203125
S14,/home/jupyter-260721/Machine-Learning-AI-Class/Project_5/Cursive/S14/h.HEIC,3264,2448,491.169921875
S33,/home/jupyter-260721/Machine-Learning-AI-Class/Project_5/Cursive/S33/q,1091,1475,239.7470703125
S33,/home/jupyter-260721/Machine-Learning-AI-Class/Project_5/Cursive/S33/x,1393,1743,308.771484375
S33,/home/jupyter-260721/Machine-Learning-AI-Class/Project_5/Cursive/S33/D.heic,1219,1755,318.5927734375
S33,/home/jupyter-260721/Machine-Learning-AI-Class/Project_5/Cursive/S33/G.heic,1330,1610,301.71484375
S33,/home/jupyter-260721/Machine-Learning-AI-Class/Project_5/Cursive/S33/I.heic,1433,1953,286.2529296875
S33,/home/jupyter-260721/Machine-Learning-AI-Class/Project_5/Cursive/S33/A.heic,1274,1887,287.4111328125
S33,/home/jupyter-260721/Machine-Learning-AI-Class/Project_5/Cursive/S33/y,1126,1885,262.9306640625
S33,/home/jupyter-260721/Machine-Learning-AI-Class/Project_5/Cursive/S33/p,1093,1990,240.0537109375
S33,/home/jupyter-260721/Machine-Learning-AI-Class/Project_5/Cursive/S33/s,1294,1723,294.1015625
S33,/home/jupyter-260721/Machine-Learning-AI-Class/Project_5/Cursive/S33/u,1354,2027,335.3876953125
S33,/home/jupyter-260721/Machine-Learning-AI-Class/Project_5/Cursive/S33/C.heic,1210,1642,297.154296875
S33,/home/jupyter-260721/Machine-Learning-AI-Class/Project_5/Cursive/S33/w,1179,1632,243.35546875
S33,/home/jupyter-260721/Machine-Learning-AI-Class/Project_5/Cursive/S33/F.heic,1397,2054,341.462890625
S33,/home/jupyter-260721/Machine-Learning-AI-Class/Project_5/Cursive/S33/K.heic,1349,1792,370.9580078125
S33,/home/jupyter-260721/Machine-Learning-AI-Class/Project_5/Cursive/S33/B.heic,1293,1979,309.0009765625
S33,/home/jupyter-260721/Machine-Learning-AI-Class/Project_5/Cursive/S33/v,1293,1960,344.6962890625
S33,/home/jupyter-260721/Machine-Learning-AI-Class/Project_5/Cursive/S33/n,1213,1879,289.9619140625
S33,/home/jupyter-260721/Machine-Learning-AI-Class/Project_5/Cursive/S33/L.heic,1033,1956,293.744140625
S33,/home/jupyter-260721/Machine-Learning-AI-Class/Project_5/Cursive/S33/H.heic,1295,2033,309.021484375
S33,/home/jupyter-260721/Machine-Learning-AI-Class/Project_5/Cursive/S33/E.heic,1390,2182,307.208984375
S33,/home/jupyter-260721/Machine-Learning-AI-Class/Project_5/Cursive/S33/z,1174,1763,256.51171875
S33,/home/jupyter-260721/Machine-Learning-AI-Class/Project_5/Cursive/S33/M.heic,1180,1957,309.0283203125
S33,/home/jupyter-260721/Machine-Learning-AI-Class/Project_5/Cursive/S33/r,1059,2052,274.1640625
S33,/home/jupyter-260721/Machine-Learning-AI-Class/Project_5/Cursive/S33/t,1535,1940,381.6015625
S33,/home/jupyter-260721/Machine-Learning-AI-Class/Project_5/Cursive/S33/o,1020,1741,258.8369140625
S20,/home/jupyter-260721/Machine-Learning-AI-Class/Project_5/Cursive/S20/g.png,208,164,26.671875
S20,/home/jupyter-260721/Machine-Learning-AI-Class/Project_5/Cursive/S20/h.png,244,186,27.4423828125
S20,/home/jupyter-260721/Machine-Learning-AI-Class/Project_5/Cursive/S20/y.png,217,199,24.111328125
S20,/home/jupyter-260721/Machine-Learning-AI-Class/Project_5/Cursive/S20/p.png,333,252,43.5400390625
S20,/home/jupyter-260721/Machine-Learning-AI-Class/Project_5/Cursive/S20/t.png,192,120,17.2587890625
S20,/home/jupyter-260721/Machine-Learning-AI-Class/Project_5/Cursive/S20/z.png,252,188,37.8369140625
S20,/home/jupyter-260721/Machine-Learning-AI-Class/Project_5/Cursive/S20/a.png,237,220,29.0009765625
S20,/home/jupyter-260721/Machine-Learning-AI-Class/Project_5/Cursive/S20/n.png,383,211,51.3994140625
S20,/home/jupyter-260721/Machine-Learning-AI-Class/Project_5/Cursive/S20/j.png,195,222,32.16015625
S20,/home/jupyter-260721/Machine-Learning-AI-Class/Project_5/Cursive/S20/d.png,302,199,34.05859375
S20,/home/jupyter-260721/Machine-Learning-AI-Class/Project_5/Cursive/S20/k.png,247,208,38.30078125
S20,/home/jupyter-260721/Machine-Learning-AI-Class/Project_5/Cursive/S20/q.png,239,177,20.6455078125
S20,/home/jupyter-260721/Machine-Learning-AI-Class/Project_5/Cursive/S20/o.png,243,183,28.5380859375
S20,/home/jupyter-260721/Machine-Learning-AI-Class/Project_5/Cursive/S20/f.png,268,185,36.25
S20,/home/jupyter-260721/Machine-Learning-AI-Class/Project_5/Cursive/S20/m.png,252,240,29.3486328125
S20,/home/jupyter-260721/Machine-Learning-AI-Class/Project_5/Cursive/S20/c.png,187,194,24.240234375
S20,/home/jupyter-260721/Machine-Learning-AI-Class/Project_5/Cursive/S20/b.png,237,248,36.2294921875
S20,/home/jupyter-260721/Machine-Learning-AI-Class/Project_5/Cursive/S20/v.png,224,200,32.41796875
S20,/home/jupyter-260721/Machine-Learning-AI-Class/Project_5/Cursive/S20/u.png,292,208,30.7900390625
S20,/home/jupyter-260721/Machine-Learning-AI-Class/Project_5/Cursive/S20/s.png,214,235,32.4951171875
S20,/home/jupyter-260721/Machine-Learning-AI-Class/Project_5/Cursive/S20/w.png,261,208,39.2548828125
S20,/home/jupyter-260721/Machine-Learning-AI-Class/Project_5/Cursive/S20/r.png,300,157,27.1181640625
S20,/home/jupyter-260721/Machine-Learning-AI-Class/Project_5/Cursive/S20/i.png,211,256,26.537109375
S20,/home/jupyter-260721/Machine-Learning-AI-Class/Project_5/Cursive/S20/e.png,295,247,39.69921875
S20,/home/jupyter-260721/Machine-Learning-AI-Class/Project_5/Cursive/S20/l.png,278,235,32.921875
S20,/home/jupyter-260721/Machine-Learning-AI-Class/Project_5/Cursive/S20/x.png,186,189,20.18359375
S21,/home/jupyter-260721/Machine-Learning-AI-Class/Project_5/Cursive/S21/N.jpg,1501,1127,896.2900390625
S21,/home/jupyter-260721/Machine-Learning-AI-Class/Project_5/Cursive/S21/A.jpg,1270,1047,648.89453125
S21,/home/jupyter-260721/Machine-Learning-AI-Class/Project_5/Cursive/S21/B.jpg,1564,1144,975.4619140625
S21,/home/jupyter-260721/Machine-Learning-AI-Class/Project_5/Cursive/S21/C.jpg,2099,1482,1760.1796875
S21,/home/jupyter-260721/Machine-Learning-AI-Class/Project_5/Cursive/S21/K.jpg,1449,1147,923.54296875
S21,/home/jupyter-260721/Machine-Learning-AI-Class/Project_5/Cursive/S21/I.jpg,1187,980,552.4287109375
S21,/home/jupyter-260721/Machine-Learning-AI-Class/Project_5/Cursive/S21/S.jpg,1320,1056,731.7724609375
S21,/home/jupyter-260721/Machine-Learning-AI-Class/Project_5/Cursive/S21/M.jpg,1801,1467,1441.59375
S21,/home/jupyter-260721/Machine-Learning-AI-Class/Project_5/Cursive/S21/D.jpg,1266,1009,227.96875
S21,/home/jupyter-260721/Machine-Learning-AI-Class/Project_5/Cursive/S21/Z.jpg,1708,1308,1195.4501953125
S21,/home/jupyter-260721/Machine-Learning-AI-Class/Project_5/Cursive/S21/Q.jpg,1635,1098,996.361328125
S21,/home/jupyter-260721/Machine-Learning-AI-Class/Project_5/Cursive/S21/H.jpg,2213,1565,1778.12890625
S21,/home/jupyter-260721/Machine-Learning-AI-Class/Project_5/Cursive/S21/U.jpg,1445,1100,817.048828125
S21,/home/jupyter-260721/Machine-Learning-AI-Class/Project_5/Cursive/S21/E.jpg,1201,1094,624.107421875
S21,/home/jupyter-260721/Machine-Learning-AI-Class/Project_5/Cursive/S21/W.jpg,1424,1058,833.033203125
S21,/home/jupyter-260721/Machine-Learning-AI-Class/Project_5/Cursive/S21/G.jpg,1744,1246,1149.080078125
S21,/home/jupyter-260721/Machine-Learning-AI-Class/Project_5/Cursive/S21/O.jpg,1753,1196,786.7333984375
S21,/home/jupyter-260721/Machine-Learning-AI-Class/Project_5/Cursive/S21/P.jpg,1690,1308,1271.5771484375
S21,/home/jupyter-260721/Machine-Learning-AI-Class/Project_5/Cursive/S21/F.jpg,1570,1269,1204.8173828125
S21,/home/jupyter-260721/Machine-Learning-AI-Class/Project_5/Cursive/S21/R.jpg,1374,1134,888.0830078125
S21,/home/jupyter-260721/Machine-Learning-AI-Class/Project_5/Cursive/S21/Y.jpg,1319,1044,750.1376953125
S21,/home/jupyter-260721/Machine-Learning-AI-Class/Project_5/Cursive/S21/J.jpg,1623,1226,970.06640625
S21,/home/jupyter-260721/Machine-Learning-AI-Class/Project_5/Cursive/S21/T.jpg,1602,1264,1231.01953125
S21,/home/jupyter-260721/Machine-Learning-AI-Class/Project_5/Cursive/S21/X.jpg,1717,1260,1146.755859375
S21,/home/jupyter-260721/Machine-Learning-AI-Class/Project_5/Cursive/S21/L.jpg,1187,969,196.0927734375
S21,/home/jupyter-260721/Machine-Learning-AI-Class/Project_5/Cursive/S21/V.jpg,1400,1191,995.775390625
S2,/home/jupyter-260721/Machine-Learning-AI-Class/Project_5/Cursive/S2/IMG_5978.HEIC,3024,4032,1848.8818359375
S2,/home/jupyter-260721/Machine-Learning-AI-Class/Project_5/Cursive/S2/IMG_5998.HEIC,3024,4032,2308.583984375
S2,/home/jupyter-260721/Machine-Learning-AI-Class/Project_5/Cursive/S2/IMG_5997.HEIC,3024,4032,2186.6123046875
S2,/home/jupyter-260721/Machine-Learning-AI-Class/Project_5/Cursive/S2/IMG_5988.HEIC,3024,4032,1888.4501953125
S2,/home/jupyter-260721/Machine-Learning-AI-Class/Project_5/Cursive/S2/IMG_5992.HEIC,3024,4032,1834.1767578125
S2,/home/jupyter-260721/Machine-Learning-AI-Class/Project_5/Cursive/S2/IMG_5996.HEIC,3024,4032,2312.287109375
S2,/home/jupyter-260721/Machine-Learning-AI-Class/Project_5/Cursive/S2/IMG_5979.HEIC,3024,4032,1886.6376953125
S2,/home/jupyter-260721/Machine-Learning-AI-Class/Project_5/Cursive/S2/IMG_5985.HEIC,3024,4032,2298.8193359375
S2,/home/jupyter-260721/Machine-Learning-AI-Class/Project_5/Cursive/S2/IMG_5984.HEIC,3024,4032,2014.708984375
S2,/home/jupyter-260721/Machine-Learning-AI-Class/Project_5/Cursive/S2/IMG_5995.HEIC,3024,4032,2155.35546875
S2,/home/jupyter-260721/Machine-Learning-AI-Class/Project_5/Cursive/S2/IMG_5999.HEIC,3024,4032,2321.10546875
S2,/home/jupyter-260721/Machine-Learning-AI-Class/Project_5/Cursive/S2/IMG_5989.HEIC,3024,4032,1863.3310546875
S2,/home/jupyter-260721/Machine-Learning-AI-Class/Project_5/Cursive/S2/IMG_5994.HEIC,3024,4032,2197.1552734375
S2,/home/jupyter-260721/Machine-Learning-AI-Class/Project_5/Cursive/S2/IMG_5990.HEIC,3024,4032,1848.6181640625
S2,/home/jupyter-260721/Machine-Learning-AI-Class/Project_5/Cursive/S2/IMG_5991.HEIC,3024,4032,1903.4150390625
S2,/home/jupyter-260721/Machine-Learning-AI-Class/Project_5/Cursive/S2/IMG_5974.HEIC,3024,4032,1861.6884765625
S2,/home/jupyter-260721/Machine-Learning-AI-Class/Project_5/Cursive/S2/IMG_5975.HEIC,3024,4032,2127.099609375
S2,/home/jupyter-260721/Machine-Learning-AI-Class/Project_5/Cursive/S2/IMG_5977.HEIC,3024,4032,1907.47265625
S2,/home/jupyter-260721/Machine-Learning-AI-Class/Project_5/Cursive/S2/IMG_5982.HEIC,3024,4032,1776.9013671875
S2,/home/jupyter-260721/Machine-Learning-AI-Class/Project_5/Cursive/S2/IMG_5980.HEIC,3024,4032,1885.009765625
S2,/home/jupyter-260721/Machine-Learning-AI-Class/Project_5/Cursive/S2/IMG_5993.HEIC,3024,4032,1947.5322265625
S2,/home/jupyter-260721/Machine-Learning-AI-Class/Project_5/Cursive/S2/IMG_5981.HEIC,3024,4032,1892.1015625
S2,/home/jupyter-260721/Machine-Learning-AI-Class/Project_5/Cursive/S2/IMG_5983.HEIC,3024,4032,2021.8583984375
S2,/home/jupyter-260721/Machine-Learning-AI-Class/Project_5/Cursive/S2/IMG_5987.HEIC,3024,4032,2005.7744140625
S2,/home/jupyter-260721/Machine-Learning-AI-Class/Project_5/Cursive/S2/IMG_5986.HEIC,3024,4032,1890.0947265625
S2,/home/jupyter-260721/Machine-Learning-AI-Class/Project_5/Cursive/S2/IMG_5976.HEIC,3024,4032,1926.63671875
S3,/home/jupyter-260721/Machine-Learning-AI-Class/Project_5/Cursive/S3/IMG_5533.HEIC,3024,4032,1171.00390625
S3,/home/jupyter-260721/Machine-Learning-AI-Class/Project_5/Cursive/S3/IMG_5541.HEIC,3024,4032,1221.9287109375
S3,/home/jupyter-260721/Machine-Learning-AI-Class/Project_5/Cursive/S3/IMG_5526.HEIC,3024,4032,1211.888671875
S3,/home/jupyter-260721/Machine-Learning-AI-Class/Project_5/Cursive/S3/IMG_5524.HEIC,3024,4032,1202.91796875
S3,/home/jupyter-260721/Machine-Learning-AI-Class/Project_5/Cursive/S3/IMG_5537.HEIC,3024,4032,1202.005859375
S3,/home/jupyter-260721/Machine-Learning-AI-Class/Project_5/Cursive/S3/IMG_5542.HEIC,3024,4032,1206.1240234375
S3,/home/jupyter-260721/Machine-Learning-AI-Class/Project_5/Cursive/S3/IMG_5547.HEIC,3024,4032,1230.7451171875
S3,/home/jupyter-260721/Machine-Learning-AI-Class/Project_5/Cursive/S3/IMG_5545.HEIC,3024,4032,1168.7275390625
S3,/home/jupyter-260721/Machine-Learning-AI-Class/Project_5/Cursive/S3/IMG_5528.HEIC,3024,4032,1143.912109375
S3,/home/jupyter-260721/Machine-Learning-AI-Class/Project_5/Cursive/S3/IMG_5529.HEIC,3024,4032,1194.66796875
S3,/home/jupyter-260721/Machine-Learning-AI-Class/Project_5/Cursive/S3/IMG_5539.HEIC,3024,4032,1199.375
S3,/home/jupyter-260721/Machine-Learning-AI-Class/Project_5/Cursive/S3/IMG_5544.HEIC,3024,4032,1210.5654296875
S3,/home/jupyter-260721/Machine-Learning-AI-Class/Project_5/Cursive/S3/IMG_5548.HEIC,3024,4032,1203.7587890625
S3,/home/jupyter-260721/Machine-Learning-AI-Class/Project_5/Cursive/S3/IMG_5530.HEIC,3024,4032,1204.505859375
S3,/home/jupyter-260721/Machine-Learning-AI-Class/Project_5/Cursive/S3/IMG_5535.HEIC,3024,4032,1228.1513671875
S3,/home/jupyter-260721/Machine-Learning-AI-Class/Project_5/Cursive/S3/IMG_5525.HEIC,3024,4032,1231.3818359375
S3,/home/jupyter-260721/Machine-Learning-AI-Class/Project_5/Cursive/S3/IMG_5527.HEIC,3024,4032,1204.6376953125
S3,/home/jupyter-260721/Machine-Learning-AI-Class/Project_5/Cursive/S3/IMG_5532.HEIC,3024,4032,1175.8447265625
S3,/home/jupyter-260721/Machine-Learning-AI-Class/Project_5/Cursive/S3/IMG_5540.HEIC,3024,4032,1195.22265625
S3,/home/jupyter-260721/Machine-Learning-AI-Class/Project_5/Cursive/S3/IMG_5538.HEIC,3024,4032,1212.9833984375
S3,/home/jupyter-260721/Machine-Learning-AI-Class/Project_5/Cursive/S3/IMG_5543.HEIC,3024,4032,1209.4091796875
S3,/home/jupyter-260721/Machine-Learning-AI-Class/Project_5/Cursive/S3/IMG_5560.heic,2854,3806,1171.1708984375
S3,/home/jupyter-260721/Machine-Learning-AI-Class/Project_5/Cursive/S3/IMG_5546.HEIC,3024,4032,1163.4599609375
S3,/home/jupyter-260721/Machine-Learning-AI-Class/Project_5/Cursive/S3/IMG_5531.HEIC,3024,4032,1178.2978515625
S3,/home/jupyter-260721/Machine-Learning-AI-Class/Project_5/Cursive/S3/IMG_5534.HEIC,3024,4032,1164.9931640625
S3,/home/jupyter-260721/Machine-Learning-AI-Class/Project_5/Cursive/S3/IMG_5536.HEIC,3024,4032,1183.0791015625
S28,/home/jupyter-260721/Machine-Learning-AI-Class/Project_5/Cursive/S28/q.PNG,1178,812,68.9970703125
S28,/home/jupyter-260721/Machine-Learning-AI-Class/Project_5/Cursive/S28/a.PNG,690,475,27.71484375
S28,/home/jupyter-260721/Machine-Learning-AI-Class/Project_5/Cursive/S28/f.PNG,485,334,19.099609375
S28,/home/jupyter-260721/Machine-Learning-AI-Class/Project_5/Cursive/S28/k.PNG,792,546,46.6025390625
S28,/home/jupyter-260721/Machine-Learning-AI-Class/Project_5/Cursive/S28/b.PNG,969,668,40.7158203125
S28,/home/jupyter-260721/Machine-Learning-AI-Class/Project_5/Cursive/S28/r.PNG,956,659,51.4453125
S28,/home/jupyter-260721/Machine-Learning-AI-Class/Project_5/Cursive/S28/c.PNG,538,371,19.08984375
S28,/home/jupyter-260721/Machine-Learning-AI-Class/Project_5/Cursive/S28/i.PNG,750,517,24.685546875
S28,/home/jupyter-260721/Machine-Learning-AI-Class/Project_5/Cursive/S28/n.PNG,800,551,60.4443359375
S28,/home/jupyter-260721/Machine-Learning-AI-Class/Project_5/Cursive/S28/z.PNG,624,735,24.6865234375
S28,/home/jupyter-260721/Machine-Learning-AI-Class/Project_5/Cursive/S28/y.PNG,234,223,9.818359375
S28,/home/jupyter-260721/Machine-Learning-AI-Class/Project_5/Cursive/S28/d.PNG,471,325,17.5458984375
S28,/home/jupyter-260721/Machine-Learning-AI-Class/Project_5/Cursive/S28/g.PNG,559,385,22.3662109375
S28,/home/jupyter-260721/Machine-Learning-AI-Class/Project_5/Cursive/S28/o.PNG,414,286,12.69140625
S28,/home/jupyter-260721/Machine-Learning-AI-Class/Project_5/Cursive/S28/v.PNG,767,529,33.837890625
S28,/home/jupyter-260721/Machine-Learning-AI-Class/Project_5/Cursive/S28/m.PNG,589,406,31.4638671875
S28,/home/jupyter-260721/Machine-Learning-AI-Class/Project_5/Cursive/S28/j.PNG,967,666,55.21484375
S28,/home/jupyter-260721/Machine-Learning-AI-Class/Project_5/Cursive/S28/u.PNG,1017,701,49.712890625
S28,/home/jupyter-260721/Machine-Learning-AI-Class/Project_5/Cursive/S28/h.PNG,771,531,42.806640625
S28,/home/jupyter-260721/Machine-Learning-AI-Class/Project_5/Cursive/S28/x.PNG,932,643,48.4853515625
S28,/home/jupyter-260721/Machine-Learning-AI-Class/Project_5/Cursive/S28/l.PNG,745,513,33.1591796875
S28,/home/jupyter-260721/Machine-Learning-AI-Class/Project_5/Cursive/S28/p.PNG,1004,692,45.326171875
S28,/home/jupyter-260721/Machine-Learning-AI-Class/Project_5/Cursive/S28/e.PNG,599,413,13.689453125
S28,/home/jupyter-260721/Machine-Learning-AI-Class/Project_5/Cursive/S28/s.PNG,761,525,32.5615234375
S28,/home/jupyter-260721/Machine-Learning-AI-Class/Project_5/Cursive/S28/t.PNG,739,510,31.466796875
S28,/home/jupyter-260721/Machine-Learning-AI-Class/Project_5/Cursive/S28/w.PNG,815,561,34.412109375
S32,/home/jupyter-260721/Machine-Learning-AI-Class/Project_5/Cursive/S32/g.png,422,310,136.87109375
S32,/home/jupyter-260721/Machine-Learning-AI-Class/Project_5/Cursive/S32/h.png,426,308,132.1357421875
S32,/home/jupyter-260721/Machine-Learning-AI-Class/Project_5/Cursive/S32/y.png,472,356,164.7099609375
S32,/home/jupyter-260721/Machine-Learning-AI-Class/Project_5/Cursive/S32/p.png,390,264,113.587890625
S32,/home/jupyter-260721/Machine-Learning-AI-Class/Project_5/Cursive/S32/t.png,432,302,133.126953125
S32,/home/jupyter-260721/Machine-Learning-AI-Class/Project_5/Cursive/S32/z.png,466,334,176.0419921875
S32,/home/jupyter-260721/Machine-Learning-AI-Class/Project_5/Cursive/S32/a.png,530,418,174.0732421875
S32,/home/jupyter-260721/Machine-Learning-AI-Class/Project_5/Cursive/S32/n.png,422,306,128.005859375
S32,/home/jupyter-260721/Machine-Learning-AI-Class/Project_5/Cursive/S32/j.png,424,324,144.708984375
S32,/home/jupyter-260721/Machine-Learning-AI-Class/Project_5/Cursive/S32/d.png,488,346,178.8837890625
S32,/home/jupyter-260721/Machine-Learning-AI-Class/Project_5/Cursive/S32/k.png,438,328,144.8759765625
S32,/home/jupyter-260721/Machine-Learning-AI-Class/Project_5/Cursive/S32/q.png,326,248,88.9189453125
S32,/home/jupyter-260721/Machine-Learning-AI-Class/Project_5/Cursive/S32/o.png,424,314,123.1650390625
S32,/home/jupyter-260721/Machine-Learning-AI-Class/Project_5/Cursive/S32/f.png,384,308,132.7880859375
S32,/home/jupyter-260721/Machine-Learning-AI-Class/Project_5/Cursive/S32/m.png,434,240,101.0078125
S32,/home/jupyter-260721/Machine-Learning-AI-Class/Project_5/Cursive/S32/c.png,458,344,153.7265625
S32,/home/jupyter-260721/Machine-Learning-AI-Class/Project_5/Cursive/S32/b.png,494,382,173.265625
S32,/home/jupyter-260721/Machine-Learning-AI-Class/Project_5/Cursive/S32/v.png,364,224,86.9375
S32,/home/jupyter-260721/Machine-Learning-AI-Class/Project_5/Cursive/S32/u.png,364,252,87.3759765625
S32,/home/jupyter-260721/Machine-Learning-AI-Class/Project_5/Cursive/S32/s.png,404,298,109.9599609375
S32,/home/jupyter-260721/Machine-Learning-AI-Class/Project_5/Cursive/S32/w.png,324,246,77.166015625
S32,/home/jupyter-260721/Machine-Learning-AI-Class/Project_5/Cursive/S32/r.png,320,244,73.525390625
S32,/home/jupyter-260721/Machine-Learning-AI-Class/Project_5/Cursive/S32/i.png,390,312,101.73828125
S32,/home/jupyter-260721/Machine-Learning-AI-Class/Project_5/Cursive/S32/e.png,472,380,166.7841796875
S32,/home/jupyter-260721/Machine-Learning-AI-Class/Project_5/Cursive/S32/l.png,376,300,125.244140625
S32,/home/jupyter-260721/Machine-Learning-AI-Class/Project_5/Cursive/S32/x.png,386,244,101.681640625
S27,/home/jupyter-260721/Machine-Learning-AI-Class/Project_5/Cursive/S27/IMG_7363.JPG,921,1228,286.6630859375
S27,/home/jupyter-260721/Machine-Learning-AI-Class/Project_5/Cursive/S27/IMG_7361.JPG,1017,1356,334.4326171875
S27,/home/jupyter-260721/Machine-Learning-AI-Class/Project_5/Cursive/S27/IMG_7372.JPG,941,1255,264.267578125
S27,/home/jupyter-260721/Machine-Learning-AI-Class/Project_5/Cursive/S27/IMG_7380.JPG,1158,1544,353.9189453125
S27,/home/jupyter-260721/Machine-Learning-AI-Class/Project_5/Cursive/S27/IMG_7369.JPG,874,1165,250.7177734375
S27,/home/jupyter-260721/Machine-Learning-AI-Class/Project_5/Cursive/S27/IMG_7360.JPG,1095,1460,317.9970703125
S27,/home/jupyter-260721/Machine-Learning-AI-Class/Project_5/Cursive/S27/IMG_7357.JPG,982,1309,321.42578125
S27,/home/jupyter-260721/Machine-Learning-AI-Class/Project_5/Cursive/S27/IMG_7374.JPG,1170,1560,408.2177734375
S27,/home/jupyter-260721/Machine-Learning-AI-Class/Project_5/Cursive/S27/IMG_7366.JPG,870,1160,230.2744140625
S27,/home/jupyter-260721/Machine-Learning-AI-Class/Project_5/Cursive/S27/IMG_7359.JPG,1048,1397,320.6455078125
S27,/home/jupyter-260721/Machine-Learning-AI-Class/Project_5/Cursive/S27/IMG_7376.JPG,861,1148,223.4990234375
S27,/home/jupyter-260721/Machine-Learning-AI-Class/Project_5/Cursive/S27/IMG_7358.JPG,1007,1343,313.4560546875
S27,/home/jupyter-260721/Machine-Learning-AI-Class/Project_5/Cursive/S27/IMG_7356.JPG,1018,1357,340.37890625
S27,/home/jupyter-260721/Machine-Learning-AI-Class/Project_5/Cursive/S27/IMG_7371.JPG,1025,1367,288.1669921875
S27,/home/jupyter-260721/Machine-Learning-AI-Class/Project_5/Cursive/S27/IMG_7381.JPG,1220,999,264.599609375
S27,/home/jupyter-260721/Machine-Learning-AI-Class/Project_5/Cursive/S27/IMG_7379.JPG,1071,1428,303.8681640625
S27,/home/jupyter-260721/Machine-Learning-AI-Class/Project_5/Cursive/S27/IMG_7378.JPG,867,1156,208.03125
S27,/home/jupyter-260721/Machine-Learning-AI-Class/Project_5/Cursive/S27/IMG_7377.JPG,910,1213,260.576171875
S27,/home/jupyter-260721/Machine-Learning-AI-Class/Project_5/Cursive/S27/IMG_7365.JPG,934,1245,268.4208984375
S27,/home/jupyter-260721/Machine-Learning-AI-Class/Project_5/Cursive/S27/IMG_7370.JPG,928,1237,266.3212890625
S27,/home/jupyter-260721/Machine-Learning-AI-Class/Project_5/Cursive/S27/IMG_7368.JPG,974,1298,281.392578125
S27,/home/jupyter-260721/Machine-Learning-AI-Class/Project_5/Cursive/S27/IMG_7364.JPG,886,1181,228.9453125
S27,/home/jupyter-260721/Machine-Learning-AI-Class/Project_5/Cursive/S27/IMG_7367.JPG,970,1293,291.9716796875
S27,/home/jupyter-260721/Machine-Learning-AI-Class/Project_5/Cursive/S27/IMG_7362.JPG,950,1266,288.0927734375
S27,/home/jupyter-260721/Machine-Learning-AI-Class/Project_5/Cursive/S27/IMG_7375.JPG,915,1220,299.0283203125
S27,/home/jupyter-260721/Machine-Learning-AI-Class/Project_5/Cursive/S27/IMG_7373.JPG,972,1296,264.060546875
S1,/home/jupyter-260721/Machine-Learning-AI-Class/Project_5/Cursive/S1/IMG_1346.HEIC,3024,4032,2011.6904296875
S1,/home/jupyter-260721/Machine-Learning-AI-Class/Project_5/Cursive/S1/IMG_1356.HEIC,3024,4032,1796.5712890625
S1,/home/jupyter-260721/Machine-Learning-AI-Class/Project_5/Cursive/S1/IMG_1351.HEIC,3024,4032,1923.7255859375
S1,/home/jupyter-260721/Machine-Learning-AI-Class/Project_5/Cursive/S1/IMG_1364.HEIC,3024,4032,1975.2490234375
S1,/home/jupyter-260721/Machine-Learning-AI-Class/Project_5/Cursive/S1/IMG_1362.HEIC,3024,4032,1833.5712890625
S1,/home/jupyter-260721/Machine-Learning-AI-Class/Project_5/Cursive/S1/IMG_1363.HEIC,3024,4032,1784.1953125
S1,/home/jupyter-260721/Machine-Learning-AI-Class/Project_5/Cursive/S1/IMG_1369.HEIC,3024,4032,1852.3623046875
S1,/home/jupyter-260721/Machine-Learning-AI-Class/Project_5/Cursive/S1/IMG_1361.HEIC,3024,4032,1844.6826171875
S1,/home/jupyter-260721/Machine-Learning-AI-Class/Project_5/Cursive/S1/IMG_1360.HEIC,3024,4032,1998.28125
S1,/home/jupyter-260721/Machine-Learning-AI-Class/Project_5/Cursive/S1/IMG_1347.HEIC,3024,4032,1963.279296875
S1,/home/jupyter-260721/Machine-Learning-AI-Class/Project_5/Cursive/S1/IMG_1355.HEIC,3024,4032,1810.912109375
S1,/home/jupyter-260721/Machine-Learning-AI-Class/Project_5/Cursive/S1/IMG_1366.HEIC,3024,4032,1987.7744140625
S1,/home/jupyter-260721/Machine-Learning-AI-Class/Project_5/Cursive/S1/IMG_1344.HEIC,3024,4032,2014.9580078125
S1,/home/jupyter-260721/Machine-Learning-AI-Class/Project_5/Cursive/S1/IMG_1368.HEIC,3024,4032,1870.3515625
S1,/home/jupyter-260721/Machine-Learning-AI-Class/Project_5/Cursive/S1/IMG_1354.HEIC,3024,4032,1817.421875
S1,/home/jupyter-260721/Machine-Learning-AI-Class/Project_5/Cursive/S1/IMG_1365.HEIC,3024,4032,1962.9736328125
S1,/home/jupyter-260721/Machine-Learning-AI-Class/Project_5/Cursive/S1/IMG_1353.HEIC,3024,4032,1876.4580078125
S1,/home/jupyter-260721/Machine-Learning-AI-Class/Project_5/Cursive/S1/IMG_1350.HEIC,3024,4032,1957.123046875
S1,/home/jupyter-260721/Machine-Learning-AI-Class/Project_5/Cursive/S1/IMG_1349.HEIC,3024,4032,1802.125
S1,/home/jupyter-260721/Machine-Learning-AI-Class/Project_5/Cursive/S1/IMG_1367.HEIC,3024,4032,1862.4853515625
S1,/home/jupyter-260721/Machine-Learning-AI-Class/Project_5/Cursive/S1/IMG_1352.HEIC,3024,4032,1784.341796875
S1,/home/jupyter-260721/Machine-Learning-AI-Class/Project_5/Cursive/S1/IMG_1348.HEIC,3024,4032,2149.193359375
S1,/home/jupyter-260721/Machine-Learning-AI-Class/Project_5/Cursive/S1/IMG_1345.HEIC,3024,4032,2088.685546875
S1,/home/jupyter-260721/Machine-Learning-AI-Class/Project_5/Cursive/S1/IMG_1357.HEIC,3024,4032,1725.2138671875
S1,/home/jupyter-260721/Machine-Learning-AI-Class/Project_5/Cursive/S1/IMG_1359.HEIC,3024,4032,1702.8369140625
S1,/home/jupyter-260721/Machine-Learning-AI-Class/Project_5/Cursive/S1/IMG_1358.HEIC,3024,4032,1773.41015625
s15,/home/jupyter-260721/Machine-Learning-AI-Class/Project_5/Cursive/s15/k.HEIC,3024,4032,963.033203125
s15,/home/jupyter-260721/Machine-Learning-AI-Class/Project_5/Cursive/s15/e.HEIC,3024,4032,747.970703125
s15,/home/jupyter-260721/Machine-Learning-AI-Class/Project_5/Cursive/s15/n.HEIC,3024,4032,828.9384765625
s15,/home/jupyter-260721/Machine-Learning-AI-Class/Project_5/Cursive/s15/m.HEIC,3024,4032,817.9697265625
s15,/home/jupyter-260721/Machine-Learning-AI-Class/Project_5/Cursive/s15/w.HEIC,3024,4032,772.603515625
s15,/home/jupyter-260721/Machine-Learning-AI-Class/Project_5/Cursive/s15/j.HEIC,3024,4032,950.4306640625
s15,/home/jupyter-260721/Machine-Learning-AI-Class/Project_5/Cursive/s15/v.HEIC,3024,4032,774.0185546875
s15,/home/jupyter-260721/Machine-Learning-AI-Class/Project_5/Cursive/s15/u.HEIC,3024,4032,787.59375
s15,/home/jupyter-260721/Machine-Learning-AI-Class/Project_5/Cursive/s15/g.HEIC,3024,4032,962.2197265625
s15,/home/jupyter-260721/Machine-Learning-AI-Class/Project_5/Cursive/s15/b.HEIC,3024,4032,776.90234375
s15,/home/jupyter-260721/Machine-Learning-AI-Class/Project_5/Cursive/s15/p.HEIC,3024,4032,816.2822265625
s15,/home/jupyter-260721/Machine-Learning-AI-Class/Project_5/Cursive/s15/l.heic,3024,4032,68.5029296875
s15,/home/jupyter-260721/Machine-Learning-AI-Class/Project_5/Cursive/s15/r.HEIC,3024,4032,771.041015625
s15,/home/jupyter-260721/Machine-Learning-AI-Class/Project_5/Cursive/s15/c.HEIC,3024,4032,699.505859375
s15,/home/jupyter-260721/Machine-Learning-AI-Class/Project_5/Cursive/s15/s.HEIC,3024,4032,771.380859375
s15,/home/jupyter-260721/Machine-Learning-AI-Class/Project_5/Cursive/s15/o.HEIC,3024,4032,824.69921875
s15,/home/jupyter-260721/Machine-Learning-AI-Class/Project_5/Cursive/s15/z.HEIC,3024,4032,796.849609375
s15,/home/jupyter-260721/Machine-Learning-AI-Class/Project_5/Cursive/s15/h.HEIC,3024,4032,968.2451171875
s15,/home/jupyter-260721/Machine-Learning-AI-Class/Project_5/Cursive/s15/q.HEIC,3024,4032,822.0869140625
s15,/home/jupyter-260721/Machine-Learning-AI-Class/Project_5/Cursive/s15/d.HEIC,3024,4032,802.728515625
s15,/home/jupyter-260721/Machine-Learning-AI-Class/Project_5/Cursive/s15/x.HEIC,3024,4032,801.3330078125
s15,/home/jupyter-260721/Machine-Learning-AI-Class/Project_5/Cursive/s15/t.HEIC,3024,4032,786.7265625
s15,/home/jupyter-260721/Machine-Learning-AI-Class/Project_5/Cursive/s15/i.HEIC,3024,4032,964.046875
s15,/home/jupyter-260721/Machine-Learning-AI-Class/Project_5/Cursive/s15/a.HEIC,3024,4032,782.294921875
s15,/home/jupyter-260721/Machine-Learning-AI-Class/Project_5/Cursive/s15/f.HEIC,3024,4032,726.2255859375
s15,/home/jupyter-260721/Machine-Learning-AI-Class/Project_5/Cursive/s15/y.HEIC,3024,4032,780.0703125
S23,/home/jupyter-260721/Machine-Learning-AI-Class/Project_5/Cursive/S23/IMG_3031.HEIC,773,580,55.0224609375
S23,/home/jupyter-260721/Machine-Learning-AI-Class/Project_5/Cursive/S23/IMG_3039.HEIC,652,704,55.0908203125
S23,/home/jupyter-260721/Machine-Learning-AI-Class/Project_5/Cursive/S23/IMG_3025.HEIC,583,626,56.6005859375
S23,/home/jupyter-260721/Machine-Learning-AI-Class/Project_5/Cursive/S23/IMG_3027.HEIC,418,485,36.427734375
S23,/home/jupyter-260721/Machine-Learning-AI-Class/Project_5/Cursive/S23/IMG_3030.HEIC,628,713,63.9326171875
S23,/home/jupyter-260721/Machine-Learning-AI-Class/Project_5/Cursive/S23/IMG_3023.HEIC,627,587,56.5791015625
S23,/home/jupyter-260721/Machine-Learning-AI-Class/Project_5/Cursive/S23/IMG_3022.HEIC,631,804,98.900390625
S23,/home/jupyter-260721/Machine-Learning-AI-Class/Project_5/Cursive/S23/IMG_3026.HEIC,464,470,42.9599609375
S23,/home/jupyter-260721/Machine-Learning-AI-Class/Project_5/Cursive/S23/IMG_3043.HEIC,542,512,41.53125
S23,/home/jupyter-260721/Machine-Learning-AI-Class/Project_5/Cursive/S23/IMG_3024.HEIC,437,568,43.5458984375
S23,/home/jupyter-260721/Machine-Learning-AI-Class/Project_5/Cursive/S23/IMG_3034.HEIC,584,438,35.916015625
S23,/home/jupyter-260721/Machine-Learning-AI-Class/Project_5/Cursive/S23/IMG_3045.HEIC,605,731,63.6318359375
S23,/home/jupyter-260721/Machine-Learning-AI-Class/Project_5/Cursive/S23/IMG_3035.HEIC,479,722,46.0830078125
S23,/home/jupyter-260721/Machine-Learning-AI-Class/Project_5/Cursive/S23/IMG_3032.HEIC,551,587,40.552734375
S23,/home/jupyter-260721/Machine-Learning-AI-Class/Project_5/Cursive/S23/IMG_3040.HEIC,666,814,70.6767578125
S23,/home/jupyter-260721/Machine-Learning-AI-Class/Project_5/Cursive/S23/IMG_3029.HEIC,532,520,54.53125
S23,/home/jupyter-260721/Machine-Learning-AI-Class/Project_5/Cursive/S23/IMG_3021.HEIC,564,665,65.5205078125
S23,/home/jupyter-260721/Machine-Learning-AI-Class/Project_5/Cursive/S23/IMG_3033.HEIC,608,416,37.9306640625
S23,/home/jupyter-260721/Machine-Learning-AI-Class/Project_5/Cursive/S23/IMG_3037.HEIC,571,648,57.3349609375
S23,/home/jupyter-260721/Machine-Learning-AI-Class/Project_5/Cursive/S23/IMG_3046.HEIC,703,753,68.48828125
S23,/home/jupyter-260721/Machine-Learning-AI-Class/Project_5/Cursive/S23/IMG_3041.HEIC,527,480,36.927734375
S23,/home/jupyter-260721/Machine-Learning-AI-Class/Project_5/Cursive/S23/IMG_3028.HEIC,471,443,28.8330078125
S23,/home/jupyter-260721/Machine-Learning-AI-Class/Project_5/Cursive/S23/IMG_3044.HEIC,647,624,59.986328125
S23,/home/jupyter-260721/Machine-Learning-AI-Class/Project_5/Cursive/S23/IMG_3038.HEIC,552,590,47.1005859375
S23,/home/jupyter-260721/Machine-Learning-AI-Class/Project_5/Cursive/S23/IMG_3042.HEIC,410,529,35.4189453125
S23,/home/jupyter-260721/Machine-Learning-AI-Class/Project_5/Cursive/S23/IMG_3036.HEIC,486,597,43.58203125
S4,/home/jupyter-260721/Machine-Learning-AI-Class/Project_5/Cursive/S4/20240913_204104.jpg,2931,2252,1735.0341796875
S4,/home/jupyter-260721/Machine-Learning-AI-Class/Project_5/Cursive/S4/20240913_204502.jpg,3070,2252,1780.5380859375
S4,/home/jupyter-260721/Machine-Learning-AI-Class/Project_5/Cursive/S4/20240913_204117.jpg,2987,2252,1813.390625
S4,/home/jupyter-260721/Machine-Learning-AI-Class/Project_5/Cursive/S4/20240913_204422.jpg,2965,2252,2029.6494140625
S4,/home/jupyter-260721/Machine-Learning-AI-Class/Project_5/Cursive/S4/20240913_204921.jpg,3027,2252,2263.904296875
S4,/home/jupyter-260721/Machine-Learning-AI-Class/Project_5/Cursive/S4/20240913_204352.jpg,2917,2252,1684.625
S4,/home/jupyter-260721/Machine-Learning-AI-Class/Project_5/Cursive/S4/20240913_204408.jpg,3064,2252,2238.70703125
S4,/home/jupyter-260721/Machine-Learning-AI-Class/Project_5/Cursive/S4/20240913_204654.jpg,3096,2252,2567.7685546875
S4,/home/jupyter-260721/Machine-Learning-AI-Class/Project_5/Cursive/S4/20240913_204242.jpg,4000,2252,2671.962890625
S4,/home/jupyter-260721/Machine-Learning-AI-Class/Project_5/Cursive/S4/20240913_204810.jpg,3021,2252,1403.9560546875
S4,/home/jupyter-260721/Machine-Learning-AI-Class/Project_5/Cursive/S4/20240913_204447.jpg,2905,2252,2102.2802734375
S4,/home/jupyter-260721/Machine-Learning-AI-Class/Project_5/Cursive/S4/20240913_204038.jpg,3040,2252,2301.6064453125
S4,/home/jupyter-260721/Machine-Learning-AI-Class/Project_5/Cursive/S4/20240913_204748.jpg,3049,2252,2167.96484375
S4,/home/jupyter-260721/Machine-Learning-AI-Class/Project_5/Cursive/S4/20240913_204635.jpg,2942,2252,2284.8876953125
S4,/home/jupyter-260721/Machine-Learning-AI-Class/Project_5/Cursive/S4/20240913_204212.jpg,3037,2252,2145.6611328125
S4,/home/jupyter-260721/Machine-Learning-AI-Class/Project_5/Cursive/S4/20240913_204535.jpg,3061,2252,1837.751953125
S4,/home/jupyter-260721/Machine-Learning-AI-Class/Project_5/Cursive/S4/20240913_204608.jpg,3062,2252,2437.791015625
S4,/home/jupyter-260721/Machine-Learning-AI-Class/Project_5/Cursive/S4/20240913_204229.jpg,3012,2252,1480.486328125
S4,/home/jupyter-260721/Machine-Learning-AI-Class/Project_5/Cursive/S4/20240913_204829.jpg,2902,2252,1365.26171875
S4,/home/jupyter-260721/Machine-Learning-AI-Class/Project_5/Cursive/S4/20240913_204850.jpg,3062,2252,2369.3671875
S4,/home/jupyter-260721/Machine-Learning-AI-Class/Project_5/Cursive/S4/20240913_204548.jpg,3020,2252,1908.0859375
S4,/home/jupyter-260721/Machine-Learning-AI-Class/Project_5/Cursive/S4/20240913_204021.jpg,2999,2251,1902.6025390625
S4,/home/jupyter-260721/Machine-Learning-AI-Class/Project_5/Cursive/S4/20240913_204142.jpg,3001,2252,2595.701171875
S4,/home/jupyter-260721/Machine-Learning-AI-Class/Project_5/Cursive/S4/20240913_204904.jpg,3031,2252,1682.8779296875
S4,/home/jupyter-260721/Machine-Learning-AI-Class/Project_5/Cursive/S4/20240913_204338.jpg,3077,2252,1838.0478515625
S4,/home/jupyter-260721/Machine-Learning-AI-Class/Project_5/Cursive/S4/20240913_203955.jpg,2058,1526,839.169921875
S30,/home/jupyter-260721/Machine-Learning-AI-Class/Project_5/Cursive/S30/IMG_7363.JPG,921,1228,286.6630859375
S30,/home/jupyter-260721/Machine-Learning-AI-Class/Project_5/Cursive/S30/IMG_7361.JPG,1017,1356,334.4326171875
S30,/home/jupyter-260721/Machine-Learning-AI-Class/Project_5/Cursive/S30/IMG_7372.JPG,941,1255,264.267578125
S30,/home/jupyter-260721/Machine-Learning-AI-Class/Project_5/Cursive/S30/IMG_7380.JPG,1158,1544,353.9189453125
S30,/home/jupyter-260721/Machine-Learning-AI-Class/Project_5/Cursive/S30/IMG_7369.JPG,874,1165,250.7177734375
S30,/home/jupyter-260721/Machine-Learning-AI-Class/Project_5/Cursive/S30/IMG_7360.JPG,1095,1460,317.9970703125
S30,/home/jupyter-260721/Machine-Learning-AI-Class/Project_5/Cursive/S30/IMG_7357.JPG,982,1309,321.42578125
S30,/home/jupyter-260721/Machine-Learning-AI-Class/Project_5/Cursive/S30/IMG_7374.JPG,1170,1560,408.2177734375
S30,/home/jupyter-260721/Machine-Learning-AI-Class/Project_5/Cursive/S30/IMG_7366.JPG,870,1160,230.2744140625
S30,/home/jupyter-260721/Machine-Learning-AI-Class/Project_5/Cursive/S30/IMG_7359.JPG,1048,1397,320.6455078125
S30,/home/jupyter-260721/Machine-Learning-AI-Class/Project_5/Cursive/S30/IMG_7376.JPG,861,1148,223.4990234375
S30,/home/jupyter-260721/Machine-Learning-AI-Class/Project_5/Cursive/S30/IMG_7358.JPG,1007,1343,313.4560546875
S30,/home/jupyter-260721/Machine-Learning-AI-Class/Project_5/Cursive/S30/IMG_7356.JPG,1018,1357,340.37890625
S30,/home/jupyter-260721/Machine-Learning-AI-Class/Project_5/Cursive/S30/IMG_7371.JPG,1025,1367,288.1669921875
S30,/home/jupyter-260721/Machine-Learning-AI-Class/Project_5/Cursive/S30/IMG_7381.JPG,1220,999,264.599609375
S30,/home/jupyter-260721/Machine-Learning-AI-Class/Project_5/Cursive/S30/IMG_7379.JPG,1071,1428,303.8681640625
S30,/home/jupyter-260721/Machine-Learning-AI-Class/Project_5/Cursive/S30/IMG_7378.JPG,867,1156,208.03125
S30,/home/jupyter-260721/Machine-Learning-AI-Class/Project_5/Cursive/S30/IMG_7377.JPG,910,1213,260.576171875
S30,/home/jupyter-260721/Machine-Learning-AI-Class/Project_5/Cursive/S30/IMG_7365.JPG,934,1245,268.4208984375
S30,/home/jupyter-260721/Machine-Learning-AI-Class/Project_5/Cursive/S30/IMG_7370.JPG,928,1237,266.3212890625
S30,/home/jupyter-260721/Machine-Learning-AI-Class/Project_5/Cursive/S30/IMG_7368.JPG,974,1298,281.392578125
S30,/home/jupyter-260721/Machine-Learning-AI-Class/Project_5/Cursive/S30/IMG_7364.JPG,886,1181,228.9453125
S30,/home/jupyter-260721/Machine-Learning-AI-Class/Project_5/Cursive/S30/IMG_7367.JPG,970,1293,291.9716796875
S30,/home/jupyter-260721/Machine-Learning-AI-Class/Project_5/Cursive/S30/IMG_7362.JPG,950,1266,288.0927734375
S30,/home/jupyter-260721/Machine-Learning-AI-Class/Project_5/Cursive/S30/IMG_7375.JPG,915,1220,299.0283203125
S30,/home/jupyter-260721/Machine-Learning-AI-Class/Project_5/Cursive/S30/IMG_7373.JPG,972,1296,264.060546875
S9,/home/jupyter-260721/Machine-Learning-AI-Class/Project_5/Cursive/S9/k.HEIC,3024,4032,2288.1748046875
S9,/home/jupyter-260721/Machine-Learning-AI-Class/Project_5/Cursive/S9/e.HEIC,3024,4032,2678.5234375
S9,/home/jupyter-260721/Machine-Learning-AI-Class/Project_5/Cursive/S9/n.HEIC,3024,4032,2267.505859375
S9,/home/jupyter-260721/Machine-Learning-AI-Class/Project_5/Cursive/S9/m.HEIC,3024,4032,2216.5380859375
S9,/home/jupyter-260721/Machine-Learning-AI-Class/Project_5/Cursive/S9/w.HEIC,3024,4032,2179.671875
S9,/home/jupyter-260721/Machine-Learning-AI-Class/Project_5/Cursive/S9/j.HEIC,3024,4032,2185.9052734375
S9,/home/jupyter-260721/Machine-Learning-AI-Class/Project_5/Cursive/S9/v.HEIC,3024,4032,2117.7373046875
S9,/home/jupyter-260721/Machine-Learning-AI-Class/Project_5/Cursive/S9/u.HEIC,3024,4032,2370.3037109375
S9,/home/jupyter-260721/Machine-Learning-AI-Class/Project_5/Cursive/S9/l.HEIC,3024,4032,2501.6923828125
S9,/home/jupyter-260721/Machine-Learning-AI-Class/Project_5/Cursive/S9/g.HEIC,3024,4032,2494.708984375
S9,/home/jupyter-260721/Machine-Learning-AI-Class/Project_5/Cursive/S9/b.HEIC,3024,4032,2753.744140625
S9,/home/jupyter-260721/Machine-Learning-AI-Class/Project_5/Cursive/S9/p.HEIC,3024,4032,2061.638671875
S9,/home/jupyter-260721/Machine-Learning-AI-Class/Project_5/Cursive/S9/r.HEIC,3024,4032,2200.81640625
S9,/home/jupyter-260721/Machine-Learning-AI-Class/Project_5/Cursive/S9/c.HEIC,3024,4032,2784.310546875
S9,/home/jupyter-260721/Machine-Learning-AI-Class/Project_5/Cursive/S9/s.HEIC,3024,4032,2290.2021484375
S9,/home/jupyter-260721/Machine-Learning-AI-Class/Project_5/Cursive/S9/o.HEIC,3024,4032,2308.0478515625
S9,/home/jupyter-260721/Machine-Learning-AI-Class/Project_5/Cursive/S9/z.HEIC,3024,4032,2095.8818359375
S9,/home/jupyter-260721/Machine-Learning-AI-Class/Project_5/Cursive/S9/h.HEIC,3024,4032,2399.2861328125
S9,/home/jupyter-260721/Machine-Learning-AI-Class/Project_5/Cursive/S9/q.HEIC,3024,4032,2260.3388671875
S9,/home/jupyter-260721/Machine-Learning-AI-Class/Project_5/Cursive/S9/d.HEIC,3024,4032,2002.2900390625
S9,/home/jupyter-260721/Machine-Learning-AI-Class/Project_5/Cursive/S9/x.HEIC,3024,4032,2165.2705078125
S9,/home/jupyter-260721/Machine-Learning-AI-Class/Project_5/Cursive/S9/t.HEIC,3024,4032,2208.404296875
S9,/home/jupyter-260721/Machine-Learning-AI-Class/Project_5/Cursive/S9/i.HEIC,3024,4032,2332.41796875
S9,/home/jupyter-260721/Machine-Learning-AI-Class/Project_5/Cursive/S9/a.HEIC,3024,4032,2616.8427734375
S9,/home/jupyter-260721/Machine-Learning-AI-Class/Project_5/Cursive/S9/f.HEIC,3024,4032,2709.7783203125
S9,/home/jupyter-260721/Machine-Learning-AI-Class/Project_5/Cursive/S9/y.HEIC,3024,4032,2225.20703125
S5,/home/jupyter-260721/Machine-Learning-AI-Class/Project_5/Cursive/S5/IMG_1294.heic,4032,3024,1336.150390625
S5,/home/jupyter-260721/Machine-Learning-AI-Class/Project_5/Cursive/S5/IMG_1284.heic,4032,3024,1278.517578125
S5,/home/jupyter-260721/Machine-Learning-AI-Class/Project_5/Cursive/S5/IMG_1287.heic,4032,3024,1266.34375
S5,/home/jupyter-260721/Machine-Learning-AI-Class/Project_5/Cursive/S5/IMG_1286.heic,4032,3024,1292.51171875
S5,/home/jupyter-260721/Machine-Learning-AI-Class/Project_5/Cursive/S5/IMG_1304.heic,4032,3024,1221.2041015625
S5,/home/jupyter-260721/Machine-Learning-AI-Class/Project_5/Cursive/S5/IMG_1306.heic,4032,3024,1306.1630859375
S5,/home/jupyter-260721/Machine-Learning-AI-Class/Project_5/Cursive/S5/IMG_1281.heic,4032,3024,1257.33984375
S5,/home/jupyter-260721/Machine-Learning-AI-Class/Project_5/Cursive/S5/IMG_1289.heic,4032,3024,1262.9140625
S5,/home/jupyter-260721/Machine-Learning-AI-Class/Project_5/Cursive/S5/IMG_1298.heic,4032,3024,1325.771484375
S5,/home/jupyter-260721/Machine-Learning-AI-Class/Project_5/Cursive/S5/IMG_1297.heic,4032,3024,1290.3876953125
S5,/home/jupyter-260721/Machine-Learning-AI-Class/Project_5/Cursive/S5/IMG_1307.heic,4032,3024,1239.9765625
S5,/home/jupyter-260721/Machine-Learning-AI-Class/Project_5/Cursive/S5/IMG_1292.heic,4032,3024,1294.2353515625
S5,/home/jupyter-260721/Machine-Learning-AI-Class/Project_5/Cursive/S5/IMG_1283.heic,4032,3024,1290.576171875
S5,/home/jupyter-260721/Machine-Learning-AI-Class/Project_5/Cursive/S5/IMG_1296.heic,4032,3024,1252.4189453125
S5,/home/jupyter-260721/Machine-Learning-AI-Class/Project_5/Cursive/S5/IMG_1291.heic,4032,3024,1278.703125
S5,/home/jupyter-260721/Machine-Learning-AI-Class/Project_5/Cursive/S5/IMG_1301.heic,4032,3024,1296.8193359375
S5,/home/jupyter-260721/Machine-Learning-AI-Class/Project_5/Cursive/S5/IMG_1282.heic,4032,3024,1279.5283203125
S5,/home/jupyter-260721/Machine-Learning-AI-Class/Project_5/Cursive/S5/IMG_1290.heic,4032,3024,1274.375
S5,/home/jupyter-260721/Machine-Learning-AI-Class/Project_5/Cursive/S5/IMG_1303.heic,4032,3024,1283.8486328125
S5,/home/jupyter-260721/Machine-Learning-AI-Class/Project_5/Cursive/S5/IMG_1288.heic,4032,3024,1364.2470703125
S5,/home/jupyter-260721/Machine-Learning-AI-Class/Project_5/Cursive/S5/IMG_1305.heic,4032,3024,1260.2041015625
S5,/home/jupyter-260721/Machine-Learning-AI-Class/Project_5/Cursive/S5/IMG_1299.heic,4032,3024,1245.6044921875
S5,/home/jupyter-260721/Machine-Learning-AI-Class/Project_5/Cursive/S5/IMG_1300.heic,4032,3024,1260.76171875
S5,/home/jupyter-260721/Machine-Learning-AI-Class/Project_5/Cursive/S5/IMG_1302.heic,4032,3024,1302.39453125
S5,/home/jupyter-260721/Machine-Learning-AI-Class/Project_5/Cursive/S5/IMG_1293.heic,4032,3024,1280.9248046875
S5,/home/jupyter-260721/Machine-Learning-AI-Class/Project_5/Cursive/S5/IMG_1285.heic,4032,3024,1303.12890625
S7,/home/jupyter-260721/Machine-Learning-AI-Class/Project_5/Cursive/S7/s.JPG,939,1069,80.2529296875
S7,/home/jupyter-260721/Machine-Learning-AI-Class/Project_5/Cursive/S7/r.JPG,933,960,64.0908203125
S7,/home/jupyter-260721/Machine-Learning-AI-Class/Project_5/Cursive/S7/t.JPG,871,1081,73.9619140625
S7,/home/jupyter-260721/Machine-Learning-AI-Class/Project_5/Cursive/S7/d.JPG,743,1056,59.138671875
S7,/home/jupyter-260721/Machine-Learning-AI-Class/Project_5/Cursive/S7/k.JPG,934,1138,108.025390625
S7,/home/jupyter-260721/Machine-Learning-AI-Class/Project_5/Cursive/S7/i.JPG,771,1101,67.912109375
S7,/home/jupyter-260721/Machine-Learning-AI-Class/Project_5/Cursive/S7/v.JPG,779,942,54.380859375
S7,/home/jupyter-260721/Machine-Learning-AI-Class/Project_5/Cursive/S7/e.JPG,759,891,61.26953125
S7,/home/jupyter-260721/Machine-Learning-AI-Class/Project_5/Cursive/S7/q.JPG,1035,1373,151.7197265625
S7,/home/jupyter-260721/Machine-Learning-AI-Class/Project_5/Cursive/S7/f.JPG,826,1078,71.38671875
S7,/home/jupyter-260721/Machine-Learning-AI-Class/Project_5/Cursive/S7/j.JPG,795,1338,74.2646484375
S7,/home/jupyter-260721/Machine-Learning-AI-Class/Project_5/Cursive/S7/l.JPG,785,1098,59.4736328125
S7,/home/jupyter-260721/Machine-Learning-AI-Class/Project_5/Cursive/S7/a.JPG,632,771,47.109375
S7,/home/jupyter-260721/Machine-Learning-AI-Class/Project_5/Cursive/S7/c.JPG,629,777,36.4716796875
S7,/home/jupyter-260721/Machine-Learning-AI-Class/Project_5/Cursive/S7/o.JPG,844,987,84.48828125
S7,/home/jupyter-260721/Machine-Learning-AI-Class/Project_5/Cursive/S7/w.JPG,881,695,65.568359375
S7,/home/jupyter-260721/Machine-Learning-AI-Class/Project_5/Cursive/S7/n.JPG,1076,997,100.224609375
S7,/home/jupyter-260721/Machine-Learning-AI-Class/Project_5/Cursive/S7/g.JPG,872,1187,102.0439453125
S7,/home/jupyter-260721/Machine-Learning-AI-Class/Project_5/Cursive/S7/y.JPG,850,938,70.13671875
S7,/home/jupyter-260721/Machine-Learning-AI-Class/Project_5/Cursive/S7/u.JPG,913,925,66.86328125
S7,/home/jupyter-260721/Machine-Learning-AI-Class/Project_5/Cursive/S7/p.JPG,749,1248,89.09765625
S7,/home/jupyter-260721/Machine-Learning-AI-Class/Project_5/Cursive/S7/h.JPG,775,925,50.7763671875
S7,/home/jupyter-260721/Machine-Learning-AI-Class/Project_5/Cursive/S7/b.JPG,732,1087,66.3642578125
S7,/home/jupyter-260721/Machine-Learning-AI-Class/Project_5/Cursive/S7/x.JPG,995,1100,83.0849609375
S7,/home/jupyter-260721/Machine-Learning-AI-Class/Project_5/Cursive/S7/m.JPG,1130,996,120.1630859375
S7,/home/jupyter-260721/Machine-Learning-AI-Class/Project_5/Cursive/S7/z.JPG,704,809,48.953125
S25,/home/jupyter-260721/Machine-Learning-AI-Class/Project_5/Cursive/S25/g.png,382,478,161.9345703125
S25,/home/jupyter-260721/Machine-Learning-AI-Class/Project_5/Cursive/S25/h.png,382,478,166.1650390625
S25,/home/jupyter-260721/Machine-Learning-AI-Class/Project_5/Cursive/S25/y.png,382,478,265.828125
S25,/home/jupyter-260721/Machine-Learning-AI-Class/Project_5/Cursive/S25/p.png,382,478,233.7646484375
S25,/home/jupyter-260721/Machine-Learning-AI-Class/Project_5/Cursive/S25/t.png,382,478,296.6865234375
S25,/home/jupyter-260721/Machine-Learning-AI-Class/Project_5/Cursive/S25/z.png,382,478,340.09765625
S25,/home/jupyter-260721/Machine-Learning-AI-Class/Project_5/Cursive/S25/a.png,382,478,263.818359375
S25,/home/jupyter-260721/Machine-Learning-AI-Class/Project_5/Cursive/S25/n.png,382,478,215.5595703125
S25,/home/jupyter-260721/Machine-Learning-AI-Class/Project_5/Cursive/S25/j.png,382,478,188.99609375
S25,/home/jupyter-260721/Machine-Learning-AI-Class/Project_5/Cursive/S25/d.png,382,478,235.0400390625
S25,/home/jupyter-260721/Machine-Learning-AI-Class/Project_5/Cursive/S25/k.png,382,478,101.8955078125
S25,/home/jupyter-260721/Machine-Learning-AI-Class/Project_5/Cursive/S25/q.png,382,478,260.6982421875
S25,/home/jupyter-260721/Machine-Learning-AI-Class/Project_5/Cursive/S25/o.png,382,478,186.7177734375
S25,/home/jupyter-260721/Machine-Learning-AI-Class/Project_5/Cursive/S25/f.png,382,478,180.1044921875
S25,/home/jupyter-260721/Machine-Learning-AI-Class/Project_5/Cursive/S25/m.png,382,478,259.4052734375
S25,/home/jupyter-260721/Machine-Learning-AI-Class/Project_5/Cursive/S25/c.png,382,478,209.0986328125
S25,/home/jupyter-260721/Machine-Learning-AI-Class/Project_5/Cursive/S25/b.png,382,478,248.6943359375
S25,/home/jupyter-260721/Machine-Learning-AI-Class/Project_5/Cursive/S25/v.png,382,478,285.7900390625
S25,/home/jupyter-260721/Machine-Learning-AI-Class/Project_5/Cursive/S25/u.png,382,478,285.12890625
S25,/home/jupyter-260721/Machine-Learning-AI-Class/Project_5/Cursive/S25/s.png,382,478,227.251953125
S25,/home/jupyter-260721/Machine-Learning-AI-Class/Project_5/Cursive/S25/w.png,382,478,229.0107421875
S25,/home/jupyter-260721/Machine-Learning-AI-Class/Project_5/Cursive/S25/r.png,382,478,280.61328125
S25,/home/jupyter-260721/Machine-Learning-AI-Class/Project_5/Cursive/S25/i.png,382,478,224.7080078125
S25,/home/jupyter-260721/Machine-Learning-AI-Class/Project_5/Cursive/S25/e.png,382,478,234.556640625
S25,/home/jupyter-260721/Machine-Learning-AI-Class/Project_5/Cursive/S25/l.png,382,478,162.69921875
S25,/home/jupyter-260721/Machine-Learning-AI-Class/Project_5/Cursive/S25/x.png,382,478,333.0849609375
S31,/home/jupyter-260721/Machine-Learning-AI-Class/Project_5/Cursive/S31/k.HEIC,3024,4032,795.9404296875
S31,/home/jupyter-260721/Machine-Learning-AI-Class/Project_5/Cursive/S31/e.HEIC,3024,4032,726.201171875
S31,/home/jupyter-260721/Machine-Learning-AI-Class/Project_5/Cursive/S31/d.heic,3022,3907,720.7109375
S31,/home/jupyter-260721/Machine-Learning-AI-Class/Project_5/Cursive/S31/n.HEIC,3024,4032,763.556640625
S31,/home/jupyter-260721/Machine-Learning-AI-Class/Project_5/Cursive/S31/m.HEIC,3024,4032,748.7705078125
S31,/home/jupyter-260721/Machine-Learning-AI-Class/Project_5/Cursive/S31/w.HEIC,3024,4032,770.943359375
S31,/home/jupyter-260721/Machine-Learning-AI-Class/Project_5/Cursive/S31/j.HEIC,3024,4032,755.3896484375
S31,/home/jupyter-260721/Machine-Learning-AI-Class/Project_5/Cursive/S31/v.HEIC,3024,4032,783.48828125
S31,/home/jupyter-260721/Machine-Learning-AI-Class/Project_5/Cursive/S31/u.HEIC,3024,4032,778.9326171875
S31,/home/jupyter-260721/Machine-Learning-AI-Class/Project_5/Cursive/S31/l.HEIC,3024,4032,785.90234375
S31,/home/jupyter-260721/Machine-Learning-AI-Class/Project_5/Cursive/S31/g.HEIC,3024,4032,766.94921875
S31,/home/jupyter-260721/Machine-Learning-AI-Class/Project_5/Cursive/S31/b.HEIC,3024,4032,723.3916015625
S31,/home/jupyter-260721/Machine-Learning-AI-Class/Project_5/Cursive/S31/p.HEIC,3024,4032,760.5859375
S31,/home/jupyter-260721/Machine-Learning-AI-Class/Project_5/Cursive/S31/r.HEIC,3024,4032,781.76171875
S31,/home/jupyter-260721/Machine-Learning-AI-Class/Project_5/Cursive/S31/c.HEIC,3024,4032,772.302734375
S31,/home/jupyter-260721/Machine-Learning-AI-Class/Project_5/Cursive/S31/s.HEIC,3024,4032,754.21875
S31,/home/jupyter-260721/Machine-Learning-AI-Class/Project_5/Cursive/S31/o.HEIC,3024,4032,754.8134765625
S31,/home/jupyter-260721/Machine-Learning-AI-Class/Project_5/Cursive/S31/z.HEIC,3024,4032,764.607421875
S31,/home/jupyter-260721/Machine-Learning-AI-Class/Project_5/Cursive/S31/h.HEIC,3024,4032,777.568359375
S31,/home/jupyter-260721/Machine-Learning-AI-Class/Project_5/Cursive/S31/q.HEIC,3024,4032,794.1787109375
S31,/home/jupyter-260721/Machine-Learning-AI-Class/Project_5/Cursive/S31/x.HEIC,3024,4032,778.8388671875
S31,/home/jupyter-260721/Machine-Learning-AI-Class/Project_5/Cursive/S31/t.HEIC,3024,4032,770.810546875
S31,/home/jupyter-260721/Machine-Learning-AI-Class/Project_5/Cursive/S31/i.HEIC,3024,4032,759.9697265625
S31,/home/jupyter-260721/Machine-Learning-AI-Class/Project_5/Cursive/S31/a.HEIC,3024,4032,771.55078125
S31,/home/jupyter-260721/Machine-Learning-AI-Class/Project_5/Cursive/S31/f.HEIC,3024,4032,736.7568359375
S31,/home/jupyter-260721/Machine-Learning-AI-Class/Project_5/Cursive/S31/y.HEIC,3024,4032,791.275390625
S24,/home/jupyter-260721/Machine-Learning-AI-Class/Project_5/Cursive/S24/k.HEIC,4032,3024,2288.7080078125
S24,/home/jupyter-260721/Machine-Learning-AI-Class/Project_5/Cursive/S24/e.HEIC,3460,3024,2183.6279296875
S24,/home/jupyter-260721/Machine-Learning-AI-Class/Project_5/Cursive/S24/n.HEIC,2272,1704,687.2109375
S24,/home/jupyter-260721/Machine-Learning-AI-Class/Project_5/Cursive/S24/m.HEIC,4032,3024,2387.4658203125
S24,/home/jupyter-260721/Machine-Learning-AI-Class/Project_5/Cursive/S24/w.HEIC,4032,3024,2390.8876953125
S24,/home/jupyter-260721/Machine-Learning-AI-Class/Project_5/Cursive/S24/j.HEIC,4032,3024,1995.6689453125
S24,/home/jupyter-260721/Machine-Learning-AI-Class/Project_5/Cursive/S24/v.HEIC,4032,3024,2263.412109375
S24,/home/jupyter-260721/Machine-Learning-AI-Class/Project_5/Cursive/S24/u.HEIC,4032,3024,2255.6103515625
S24,/home/jupyter-260721/Machine-Learning-AI-Class/Project_5/Cursive/S24/l.HEIC,4032,3024,2443.5087890625
S24,/home/jupyter-260721/Machine-Learning-AI-Class/Project_5/Cursive/S24/g.HEIC,4032,3024,2413.5546875
S24,/home/jupyter-260721/Machine-Learning-AI-Class/Project_5/Cursive/S24/b.HEIC,1796,1489,551.8046875
S24,/home/jupyter-260721/Machine-Learning-AI-Class/Project_5/Cursive/S24/p.HEIC,4032,2852,2079.234375
S24,/home/jupyter-260721/Machine-Learning-AI-Class/Project_5/Cursive/S24/r.HEIC,4032,3024,2171.0029296875
S24,/home/jupyter-260721/Machine-Learning-AI-Class/Project_5/Cursive/S24/c.HEIC,3501,3024,1997.923828125
S24,/home/jupyter-260721/Machine-Learning-AI-Class/Project_5/Cursive/S24/s.HEIC,4032,3024,1917.2275390625
S24,/home/jupyter-260721/Machine-Learning-AI-Class/Project_5/Cursive/S24/o.HEIC,4032,3024,2280.78125
S24,/home/jupyter-260721/Machine-Learning-AI-Class/Project_5/Cursive/S24/z.HEIC,4032,3024,2479.6025390625
S24,/home/jupyter-260721/Machine-Learning-AI-Class/Project_5/Cursive/S24/h.HEIC,4032,3024,2310.44921875
S24,/home/jupyter-260721/Machine-Learning-AI-Class/Project_5/Cursive/S24/q.HEIC,4032,3024,2199.541015625
S24,/home/jupyter-260721/Machine-Learning-AI-Class/Project_5/Cursive/S24/d.HEIC,3900,3024,2307.224609375
S24,/home/jupyter-260721/Machine-Learning-AI-Class/Project_5/Cursive/S24/x.HEIC,4032,3024,2306.638671875
S24,/home/jupyter-260721/Machine-Learning-AI-Class/Project_5/Cursive/S24/t.HEIC,4032,3024,2182.81640625
S24,/home/jupyter-260721/Machine-Learning-AI-Class/Project_5/Cursive/S24/i.HEIC,4032,3024,2436.958984375
S24,/home/jupyter-260721/Machine-Learning-AI-Class/Project_5/Cursive/S24/a.HEIC,4032,3024,2089.3642578125
S24,/home/jupyter-260721/Machine-Learning-AI-Class/Project_5/Cursive/S24/f.HEIC,4032,3024,2484.0771484375
S24,/home/jupyter-260721/Machine-Learning-AI-Class/Project_5/Cursive/S24/y.HEIC,4032,2735,2070.2001953125
S8,/home/jupyter-260721/Machine-Learning-AI-Class/Project_5/Cursive/S8/K,1083,1722,167.2880859375
S8,/home/jupyter-260721/Machine-Learning-AI-Class/Project_5/Cursive/S8/R,1122,1984,183.5810546875
S8,/home/jupyter-260721/Machine-Learning-AI-Class/Project_5/Cursive/S8/B,1349,2039,216.4326171875
S8,/home/jupyter-260721/Machine-Learning-AI-Class/Project_5/Cursive/S8/M,1100,1544,72.98828125
S8,/home/jupyter-260721/Machine-Learning-AI-Class/Project_5/Cursive/S8/D,1197,2013,255.447265625
S8,/home/jupyter-260721/Machine-Learning-AI-Class/Project_5/Cursive/S8/C,1153,1853,124.1181640625
S8,/home/jupyter-260721/Machine-Learning-AI-Class/Project_5/Cursive/S8/F,1211,1807,167.5859375
S8,/home/jupyter-260721/Machine-Learning-AI-Class/Project_5/Cursive/S8/Q,1073,1754,101.0556640625
S8,/home/jupyter-260721/Machine-Learning-AI-Class/Project_5/Cursive/S8/V,1478,1805,201.7958984375
S8,/home/jupyter-260721/Machine-Learning-AI-Class/Project_5/Cursive/S8/Y,1134,1236,155.814453125
S8,/home/jupyter-260721/Machine-Learning-AI-Class/Project_5/Cursive/S8/W,1047,1623,92.4443359375
S8,/home/jupyter-260721/Machine-Learning-AI-Class/Project_5/Cursive/S8/P,1095,1899,191.7177734375
S8,/home/jupyter-260721/Machine-Learning-AI-Class/Project_5/Cursive/S8/L,982,1587,44.2265625
S8,/home/jupyter-260721/Machine-Learning-AI-Class/Project_5/Cursive/S8/A,1124,1962,184.1162109375
S8,/home/jupyter-260721/Machine-Learning-AI-Class/Project_5/Cursive/S8/S,1277,2054,175.7236328125
S8,/home/jupyter-260721/Machine-Learning-AI-Class/Project_5/Cursive/S8/I,1010,1662,56.2802734375
S8,/home/jupyter-260721/Machine-Learning-AI-Class/Project_5/Cursive/S8/T,1073,1730,133.6748046875
S8,/home/jupyter-260721/Machine-Learning-AI-Class/Project_5/Cursive/S8/J,1071,1386,133.6064453125
S8,/home/jupyter-260721/Machine-Learning-AI-Class/Project_5/Cursive/S8/O,786,1447,72.4990234375
S8,/home/jupyter-260721/Machine-Learning-AI-Class/Project_5/Cursive/S8/E,1001,1843,94.3681640625
S8,/home/jupyter-260721/Machine-Learning-AI-Class/Project_5/Cursive/S8/N,1286,1955,207.7646484375
S8,/home/jupyter-260721/Machine-Learning-AI-Class/Project_5/Cursive/S8/G,1025,1631,93.7431640625
S8,/home/jupyter-260721/Machine-Learning-AI-Class/Project_5/Cursive/S8/H,1230,1797,171.7109375
S8,/home/jupyter-260721/Machine-Learning-AI-Class/Project_5/Cursive/S8/Z,1071,1108,135.123046875
S8,/home/jupyter-260721/Machine-Learning-AI-Class/Project_5/Cursive/S8/U,1334,1889,185.8466796875
S8,/home/jupyter-260721/Machine-Learning-AI-Class/Project_5/Cursive/S8/X,892,1422,46.931640625
S6,/home/jupyter-260721/Machine-Learning-AI-Class/Project_5/Cursive/S6/k.HEIC,4032,3024,1572.7197265625
S6,/home/jupyter-260721/Machine-Learning-AI-Class/Project_5/Cursive/S6/e.HEIC,4032,3024,1801.7783203125
S6,/home/jupyter-260721/Machine-Learning-AI-Class/Project_5/Cursive/S6/n.HEIC,4032,3024,1850.0654296875
S6,/home/jupyter-260721/Machine-Learning-AI-Class/Project_5/Cursive/S6/m.HEIC,4032,3024,1794.01953125
S6,/home/jupyter-260721/Machine-Learning-AI-Class/Project_5/Cursive/S6/w.HEIC,4032,3024,1821.0087890625
S6,/home/jupyter-260721/Machine-Learning-AI-Class/Project_5/Cursive/S6/j.HEIC,4032,3024,1803.2490234375
S6,/home/jupyter-260721/Machine-Learning-AI-Class/Project_5/Cursive/S6/v.HEIC,4032,3024,1928.7490234375
S6,/home/jupyter-260721/Machine-Learning-AI-Class/Project_5/Cursive/S6/u.HEIC,4032,3024,1841.2939453125
S6,/home/jupyter-260721/Machine-Learning-AI-Class/Project_5/Cursive/S6/l.HEIC,4032,3024,1783.4423828125
S6,/home/jupyter-260721/Machine-Learning-AI-Class/Project_5/Cursive/S6/g.HEIC,4032,3024,1813.9912109375
S6,/home/jupyter-260721/Machine-Learning-AI-Class/Project_5/Cursive/S6/b.HEIC,4032,3024,1585.5205078125
S6,/home/jupyter-260721/Machine-Learning-AI-Class/Project_5/Cursive/S6/p.HEIC,4032,3024,1792.029296875
S6,/home/jupyter-260721/Machine-Learning-AI-Class/Project_5/Cursive/S6/r.HEIC,4032,3024,1839.111328125
S6,/home/jupyter-260721/Machine-Learning-AI-Class/Project_5/Cursive/S6/c.HEIC,4032,3024,1828.58984375
S6,/home/jupyter-260721/Machine-Learning-AI-Class/Project_5/Cursive/S6/s.HEIC,4032,3024,1812.8349609375
S6,/home/jupyter-260721/Machine-Learning-AI-Class/Project_5/Cursive/S6/o.HEIC,4032,3024,1858.9775390625
S6,/home/jupyter-260721/Machine-Learning-AI-Class/Project_5/Cursive/S6/z.HEIC,4032,3024,1883.6318359375
S6,/home/jupyter-260721/Machine-Learning-AI-Class/Project_5/Cursive/S6/h.HEIC,4032,3024,1816.0576171875
S6,/home/jupyter-260721/Machine-Learning-AI-Class/Project_5/Cursive/S6/q.HEIC,4032,3024,1872.8330078125
S6,/home/jupyter-260721/Machine-Learning-AI-Class/Project_5/Cursive/S6/d.HEIC,4032,3024,1727.765625
S6,/home/jupyter-260721/Machine-Learning-AI-Class/Project_5/Cursive/S6/x.HEIC,4032,3024,1927.7373046875
S6,/home/jupyter-260721/Machine-Learning-AI-Class/Project_5/Cursive/S6/t.HEIC,4032,3024,1767.490234375
S6,/home/jupyter-260721/Machine-Learning-AI-Class/Project_5/Cursive/S6/i.HEIC,4032,3024,1760.62890625
S6,/home/jupyter-260721/Machine-Learning-AI-Class/Project_5/Cursive/S6/a.HEIC,4032,3024,1566.263671875
S6,/home/jupyter-260721/Machine-Learning-AI-Class/Project_5/Cursive/S6/f.HEIC,4032,3024,1810.2255859375
S6,/home/jupyter-260721/Machine-Learning-AI-Class/Project_5/Cursive/S6/y.HEIC,4032,3024,1881.13671875
