User ID,name,Gender,Age,EstimatedSalary,Purchased
10000,Billy Chavez,Male,33,75787,0
10001,Tyler Scott,Female,25,34033,1
10002,Clayton Ross,Male,41,61484,1
10003,Vernon Lewis,Male,51,121013,0
10004,Kaitlin Joseph,Male,44,47272,1
10005,Jesse Baker,Male,55,135786,1
10006,Daniel Cannon,Female,58,48413,0
10007,Kristy Perez DDS,Female,45,138297,1
10008,Kenneth Hoover,Male,38,82643,0
10009,Robin Thomas,Female,34,104682,1
10010,Jasmine Robinson,Male,35,27888,-1
10011,Wayne Baxter,Female,21,103953,1
10012,Mark Scott,Male,20,27071,1
10013,Mr. Alexander Smith,Male,59,42435,1
10014,Matthew Liu,Female,36,42554,0
10015,Luis Jennings,Male,21,61793,0
10016,Ashlee Paul,Female,40,46176,1
10017,Andrew Brown,Female,51,31865,1
10018,Sarah Mcbride,Male,59,10604,0
10019,Michael Richards,Female,32,106027,0
10020,Christine Sanders,Female,37,8915,1
10021,Glenn Meyer,Female,24,34202,1
10022,Allison Sanford,Female,58,56500,0
10023,Anthony Lara,Male,44,122406,1
10024,Amber Morgan,Male,24,58939,1
10025,Maria Palmer,Female,28,127384,1
10026,Travis Walsh,Female,38,83595,0
10027,Shaun Williams,Female,48,120698,1
10028,Vickie Hernandez,Male,31,38267,0
10029,Robert Smith,Female,40,120596,1
10030,Abigail Young,Male,36,33412,0
10031,Shawn Mann,Male,46,112936,0
10032,Thomas Lucas,Male,24,86150,0
10033,Victoria Long,Female,51,113635,0
10034,George Dixon,Male,28,134263,1
10035,Jeffery Mitchell,Male,41,45916,1
10036,Catherine Mcgrath,Male,57,19680,1
10037,Ashley Livingston,Female,52,20131,0
10038,Victoria Ramirez,Male,23,109789,1
10039,Carolyn Hernandez,Male,34,143926,1
10040,Brittney Thomas,Male,51,16436,0
10041,Patricia Christensen,Female,33,63318,0
10042,Mary Snyder,Male,48,40820,1
10043,Denise Medina,Female,45,75000,1
10044,Dawn Pace,Male,33,76474,0
10045,Anna Munoz,Male,51,22867,0
10046,Cindy Mullins,Female,40,104766,1
10047,Jessica Davidson,Female,58,137401,0
10048,Elizabeth Martin,Female,46,94033,0
10049,Daniel Arroyo,Male,49,14538,0
10050,Jessica Chen,Male,48,71511,-1
10051,Angela Palmer,Female,56,61497,1
10052,William Parker,Male,42,30204,0
10053,John Grant,Male,30,19350,0
10054,John Dorsey,Female,20,116017,0
10055,Carl Elliott,Male,32,81480,1
10056,Jeffrey Shelton,Male,56,135243,1
10057,Derek Barnes,Female,32,82730,0
10058,Stephanie Salinas,Male,50,24518,1
10059,James Walker,Female,39,40930,1
10060,Brandy Evans,Male,20,142522,1
10061,Jacob Nicholson,Male,24,22356,0
10062,Shirley Thompson,Male,50,136088,1
10063,Tara Robertson,Male,44,20095,0
10064,Jeffery Brooks,Female,31,142891,0
10065,Brian Turner,Female,35,41995,1
10066,Dr. Jennifer Farrell,Male,49,140073,0
10067,Tina Smith,Female,27,127160,1
10068,Melanie Campbell,Male,42,119850,0
10069,Daniel Wilson,Male,40,59738,1
10070,Wendy Davis,Female,57,11122,0
10071,Alicia Mcdowell,Female,23,34219,1
10072,Lee Gaines,Male,55,9182,1
10073,Brittany Walker,Male,22,81343,1
10074,Bonnie Beasley,Female,43,104271,1
10075,Troy Moore,Female,41,146231,0
10076,Daniel Johnson,Male,31,9986,1
10077,Sandra Smith,Male,54,103482,0
10078,Robert Wise,Female,49,146134,0
10079,Jonathan Conner,Female,31,106411,0
10080,Danielle Norris,Female,30,56985,0
10081,Kenneth Bennett,Male,48,57663,1
10082,Dawn Mejia,Male,24,36210,1
10083,Jeremy Reed,Female,37,83067,0
10084,Michael Hayes,Female,32,113904,1
10085,Mallory Carter,Male,57,131809,0
10086,Christopher White,Male,52,109391,0
10087,Mike Riley,Male,35,9336,0
10088,Ashley Vega,Male,38,117238,1
10089,Deanna Lee,Female,27,31604,1
10090,Carl Estrada,Male,56,29199,0
10091,James Reyes,Male,42,12554,1
10092,Julie Ramirez,Female,34,100643,-1
10093,Dylan Mathews,Male,56,93895,0
10094,Tony Davis,Male,28,122367,0
10095,Sara Roberson,Female,58,22277,1
10096,Willie Aguirre,Male,43,58249,0
10097,Cody Terrell,Female,26,124862,1
10098,Kristin Navarro,Female,33,144065,0
10099,Wendy Mullins,Female,56,59844,1
10100,Dawn Smith,Male,22,122497,1
10101,Stanley Nguyen,Male,46,44290,1
10102,Misty Bell,Male,27,97282,1
10103,Steven Reyes,Male,49,44646,0
10104,Kimberly Young,Male,29,10146,0
10105,Nancy Mcneil,Female,24,13564,0
10106,Angela Fisher,Female,26,149319,0
10107,Evan Howard,Male,24,47899,1
10108,Emma Soto,Male,30,68985,1
10109,Susan Murphy,Female,55,20302,1
10110,Natalie Guzman,Male,29,75780,0
10111,Katherine Crawford,Female,42,82517,0
10112,Edward Barnett,Male,31,44123,1
10113,Michaela Johnson,Male,24,24329,1
10114,Paula Santana,Female,58,79394,0
10115,Kristen Randall,Male,59,42847,0
10116,Jose Martin,Female,21,133880,0
10117,Jordan Johnson,Female,28,68312,0
10118,Catherine Sullivan,Male,56,95296,1
10119,Aaron Duarte,Male,44,67071,0
10120,Whitney Beck,Female,33,111957,0
10121,Barbara Williams,Male,35,102781,-1
10122,Ryan Perry,Female,21,53436,1
10123,Brent Knight,Female,21,84219,0
10124,Ethan Harvey,Male,48,65842,1
10125,Stephanie Diaz,Male,45,17216,1
10126,Kristi Santiago,Female,34,88493,1
10127,Rebecca Taylor,Female,47,45452,0
10128,Julie Brown,Female,57,113458,1
10129,Emily Collins,Female,42,59719,0
10130,Brian Tyler,Female,44,61071,1
10131,Thomas Stewart,Female,45,60414,1
10132,Brittany Jones,Male,59,50497,0
10133,Christine Boyle,Female,53,13439,0
10134,Kelly Adams,Female,45,25698,0
10135,Michael Ramirez,Female,36,101139,0
10136,Andrew Hernandez,Female,51,77283,0
10137,Andre Lara,Female,47,112713,0
10138,Gregory Page,Male,25,75445,0
10139,Travis Rowe,Male,45,66272,0
10140,Katrina Cruz,Male,31,43062,0
10141,Anne Vargas,Male,35,82780,0
10142,Charles Austin,Male,23,43286,0
10143,Richard Taylor,Male,47,55248,0
10144,William Thornton,Female,44,128011,0
10145,Brian Marshall,Male,59,111448,0
10146,Kevin Miller,Male,29,97271,0
10147,Chad Booker,Female,24,37085,1
10148,Leonard Bruce,Male,43,39692,0
10149,Gwendolyn Steele,Female,29,48306,0
10150,Valerie Baldwin,Male,54,149712,0
10151,Patricia Mccoy,Female,56,14010,1
10152,Karen Obrien,Male,52,140512,1
10153,Caleb Combs,Male,51,133683,1
10154,Sara Lawrence,Female,56,118888,1
10155,Jessica Rose,Male,42,103459,1
10156,Pamela Schmidt,Female,29,122113,1
10157,Lisa Collins,Female,52,137437,1
10158,William Dean,Female,35,52814,1
10159,Matthew Boone,Female,38,112646,0
10160,Andrea Bell,Female,36,57736,1
10161,Emma Johnson,Male,26,128890,1
10162,Brittney Morris,Female,56,49954,1
10163,William Smith,Female,35,138643,1
10164,Dr. Kelly Mays,Male,26,61858,0
10165,John Chang,Female,50,45177,1
10166,Sheri Brennan,Female,38,34890,1
10167,Renee Miranda,Male,59,63423,1
10168,Michael Gray,Female,24,88209,1
10169,Michelle Davis,Female,56,89453,0
10170,Tina Skinner,Female,59,59794,0
10171,Devin Matthews,Female,53,26323,0
10172,Joshua Mcdonald,Male,36,103241,1
10173,Nicholas Wood,Male,54,137643,0
10174,James Acevedo,Female,29,38008,0
10175,Tina Newton,Male,30,26475,0
10176,Kristin Huang,Male,44,132297,1
10177,David Johnson,Female,42,74025,1
10178,Mark Maldonado,Female,48,109450,-1
10179,Linda Jackson,Female,21,81685,1
10180,Angela Hughes,Female,50,39251,1
10181,Julie Hill,Female,30,124413,0
10182,Ronald Hudson,Male,53,69487,1
10183,Jessica Heath,Male,23,88524,0
10184,Scott Soto,Male,33,57858,1
10185,Ryan Douglas,Female,44,90589,1
10186,Tina Klein,Female,22,31071,1
10187,Eric Watts,Female,30,146406,0
10188,Keith May,Female,56,59276,1
10189,Catherine White,Female,33,69451,1
10190,Joseph Thomas,Male,27,61736,1
10191,Olivia Knox,Female,25,79706,1
10192,Elijah Lucas,Female,36,47331,0
10193,Kevin Smith,Female,21,70882,1
10194,Janet Rojas,Male,40,54101,1
10195,Kenneth Hernandez,Female,37,57716,0
10196,William Thomas,Female,21,19367,0
10197,Alexandria Little,Female,59,148503,-1
10198,Lauren Smith,Male,59,115476,1
10199,Susan Wise,Female,52,68492,0
10200,Ryan Conner,Male,35,63690,1
10201,William Roberts,Male,25,138603,0
10202,Joshua Mendoza,Male,35,66726,0
10203,George Berry,Female,46,111878,1
10204,Rebecca Lam,Female,53,42521,1
10205,Chelsea Smith,Male,35,112146,0
10206,Cynthia Saunders,Male,48,65021,1
10207,Sophia Villarreal,Female,57,138246,0
10208,Jeffrey Odonnell,Female,30,46569,0
10209,Caitlyn Hutchinson,Female,31,10578,1
10210,Robert Watts,Female,58,20187,0
10211,Anthony Freeman,Male,47,105636,0
10212,Holly Richardson,Female,44,77662,1
10213,Jennifer Sanchez,Male,40,118943,0
10214,Timothy Evans,Female,24,89712,0
10215,Elizabeth Martinez,Male,47,131468,0
10216,Lisa Jackson,Female,50,91123,1
10217,Shawn Schmidt,Female,45,33507,1
10218,Kristopher Henderson,Female,40,85648,0
10219,Mark Harrington,Male,47,41877,1
10220,Nicholas Howard,Male,26,83551,1
10221,Kaitlyn Walker,Female,49,13555,1
10222,Colleen Thompson,Male,48,14612,1
10223,Jennifer Stevens,Female,45,8284,1
10224,Keith Martinez,Male,53,114694,0
10225,Anna Braun,Male,57,26324,1
10226,Dr. Kimberly Scott,Female,51,103259,1
10227,Jonathan Graham,Male,30,46685,1
10228,Adam Daniels,Female,22,122607,0
10229,Lindsay Solis,Female,49,132240,0
10230,Sylvia Shelton,Male,53,112886,1
10231,Pamela Smith,Male,21,31631,0
10232,Christie Scott,Female,41,124170,0
10233,Brian Martinez,Male,52,140153,1
10234,Michelle Hill,Female,21,26247,0
10235,Jonathan Parks,Female,20,51976,1
10236,Stefanie Garcia,Male,31,42494,0
10237,Diane Cantrell,Male,39,24724,0
10238,Scott Daniel MD,Female,33,120808,0
10239,Melissa Morgan,Male,37,104681,1
10240,Lisa Ellis,Female,42,122643,1
10241,April Clark,Male,44,55573,0
10242,Donna Wilson,Male,26,136166,1
10243,George Maldonado,Female,36,110114,0
10244,Jennifer Weber,Male,52,72200,1
10245,Eric Thomas,Female,48,104822,0
10246,Margaret Dillon,Female,57,86464,1
10247,Gilbert Williams,Male,32,139981,0
10248,Matthew Huber,Male,27,142371,0
10249,Larry Gomez,Female,31,116843,0
10250,David Smith,Female,22,43367,0
10251,Gabriel Zavala,Male,55,27718,0
10252,William Ward,Female,46,56225,1
10253,Marc Ryan,Male,24,112824,0
10254,Anne Snyder,Male,41,103886,0
10255,Carrie Romero,Female,30,101616,0
10256,Bradley Tucker,Female,30,108362,1
10257,Steven Ray,Female,27,118583,1
10258,Taylor Bell,Female,49,50437,0
10259,Omar Padilla,Male,56,138108,1
10260,Anthony Wilson,Male,36,12930,0
10261,David Dalton,Male,51,131868,1
10262,Nicholas Cole,Male,32,135253,1
10263,Jay Wiley,Male,50,59379,1
10264,George Lee,Male,28,96428,0
10265,Carla Hodges,Female,47,125437,1
10266,Kevin Kelly,Female,40,69823,0
10267,Stephen Mccoy,Female,31,75107,0
10268,Madeline Alvarado,Male,20,97180,1
10269,Lynn Martinez,Male,49,100072,0
10270,Carrie West,Male,50,52822,0
10271,Justin Rush,Male,59,132090,0
10272,Leslie Smith,Female,31,61260,0
10273,Catherine Chung,Female,45,49906,-1
10274,Jessica Merritt,Female,31,16363,0
10275,Christopher Blankenship,Male,32,39832,0
10276,Kimberly Gonzalez,Female,25,82140,0
10277,Kyle Ramos,Male,27,143248,1
10278,Ronald Curtis,Male,34,119808,1
10279,Joshua Ewing,Male,50,131055,0
10280,Colleen Garcia,Female,21,78671,0
10281,Brenda Avila,Male,21,40279,0
10282,John Avila,Male,48,131758,0
10283,Joseph Patrick,Male,53,112328,1
10284,Christopher Johnson,Female,21,143101,0
10285,Melissa Jones,Female,45,125019,1
10286,Christine Cole,Female,51,135864,1
10287,Robert Williams,Female,57,98031,1
10288,Christina Morton,Male,31,120983,0
10289,Dr. Jerry Silva,Female,20,47373,1
10290,Jerome Gonzalez,Male,32,81872,0
10291,Sarah Tyler,Female,32,122383,0
10292,Timothy Dean,Female,48,17325,0
10293,Wendy Pace,Female,52,98016,0
10294,Erin Rose,Female,56,25095,1
10295,Mrs. Rachel Walker,Female,47,88051,1
10296,Thomas Miller,Male,49,107344,0
10297,Jimmy Sexton,Male,20,73887,0
10298,Cody Ashley,Female,40,85146,1
10299,Erin Perez DDS,Female,36,44890,1
10300,Joshua Patterson,Female,47,83822,1
10301,Monique Ruiz,Female,52,96420,1
10302,Monica Sharp,Female,23,111195,0
10303,Lauren Smith,Female,42,103850,1
10304,Warren Jackson,Female,47,20728,-1
10305,Katie Glenn,Female,21,98360,1
10306,Shannon Elliott,Male,24,129452,1
10307,Carlos Sanders,Female,38,63916,0
10308,Ian Grant,Female,45,20769,1
10309,Judith Jones,Male,38,140004,1
10310,Natalie Morgan,Male,47,146507,0
10311,Jessica Moore,Female,26,122160,0
10312,Robin Cox,Female,52,29835,0
10313,Catherine Griffin,Male,48,109507,1
10314,Stephanie Hill,Male,41,56055,1
10315,Adam Ryan,Male,41,63045,1
10316,Casey Evans,Female,50,122087,0
10317,Blake Key,Male,48,112293,0
10318,Crystal Adkins,Male,38,117388,1
10319,Karen Campos,Male,51,145614,1
10320,Robert Williams,Male,37,119551,0
10321,Lisa Guerra,Male,47,32649,1
10322,Juan Davis,Female,39,47072,0
10323,Anthony Jackson,Female,43,41043,1
10324,Shannon Leonard,Male,30,102777,0
10325,Dale Calhoun,Male,29,20784,1
10326,Larry Olson,Female,27,15537,0
10327,Daniel Hodges,Female,33,44545,0
10328,Andrea Burnett,Female,36,147479,1
10329,Samuel Moore,Male,57,81594,1
10330,Angela Whitehead,Male,49,102704,0
10331,Courtney Boone,Male,53,129624,0
10332,Katelyn Potter,Male,56,27124,0
10333,Steven Neal,Male,37,111025,1
10334,Kristen Tucker,Female,53,132172,0
10335,Kayla Mccann,Female,39,133039,0
10336,Kenneth Huber,Female,47,111982,0
10337,Erin Moreno,Male,21,29554,0
10338,Johnathan White,Male,47,9280,1
10339,Lisa Higgins,Female,34,73656,0
10340,Carolyn Meadows,Female,36,105417,0
10341,Julie Roberts,Female,27,64206,0
10342,Lacey Larson,Male,22,38419,1
10343,Jose Pittman,Male,25,93111,1
10344,David Clark,Female,40,115245,0
10345,Zachary Buck,Male,27,125999,0
10346,Brittany Smith,Female,23,83197,1
10347,Melissa Holt,Female,52,125532,1
10348,Shannon Morales,Male,23,44983,0
10349,Cynthia Jennings,Female,38,17160,0
10350,Brittany Long,Female,32,15980,0
10351,William Chambers,Female,55,28921,1
10352,Benjamin Griffin,Male,52,94867,0
10353,Lance Wilkinson,Male,20,16259,1
10354,Sarah Young,Male,56,60903,1
10355,Sandra Bowers,Female,30,65097,1
10356,Ryan Mejia,Female,45,81952,1
10357,Victoria Moore,Female,33,128382,1
10358,Mr. James Singh,Female,35,145557,1
10359,Debbie Brown,Female,24,110861,0
10360,Elizabeth Espinoza,Female,41,9794,1
10361,Wanda Black,Female,59,24073,0
10362,Nancy Hurst,Female,52,115552,1
10363,Mary Meyer,Female,53,149941,1
10364,Luis Brennan,Male,49,112925,1
10365,Keith Figueroa,Male,57,124612,0
10366,Maria Hughes,Female,37,138026,1
10367,Jessica Diaz,Female,21,9759,1
10368,Tyler Martinez,Female,59,60283,1
10369,Kenneth Oliver,Male,29,115234,1
10370,Danny Carpenter,Female,38,129382,1
10371,Alexis Davis,Female,53,36333,0
10372,Emily Lopez,Male,27,68566,1
10373,Christopher Cummings,Female,31,24337,0
10374,Dakota Mora,Male,37,137564,0
10375,Tracy Walsh,Female,56,22021,-1
10376,Rebecca Allen,Female,50,11663,1
10377,Samantha Matthews,Female,52,16627,1
10378,John Pope,Female,53,55474,1
10379,Michelle Schmidt,Female,46,115302,0
10380,Laura Perez,Female,33,9469,1
10381,Justin Nichols,Male,26,69417,0
10382,Theresa Smith,Female,45,39357,0
10383,Troy Hansen,Male,20,137016,1
10384,David Armstrong,Male,23,113521,1
10385,Ashley Warren,Female,46,106921,0
10386,John Brown,Female,29,33347,0
10387,Crystal Mitchell,Male,42,52028,-1
10388,Timothy Ramirez,Male,24,73751,0
10389,Patricia Brown,Female,33,84684,0
10390,Kristopher Johnson,Male,33,29379,1
10391,Leslie Miller,Female,40,95795,1
10392,Anthony Rivera,Female,44,62783,-1
10393,Melinda Stewart,Female,53,75811,0
10394,Mr. Steven Haynes,Female,26,118576,0
10395,Erica Mitchell,Female,46,141369,0
10396,Dominique Smith,Male,25,72574,1
10397,Diana Ellis,Male,56,81850,1
10398,James Edwards,Female,48,139817,0
10399,Gary Walker,Male,44,118096,0
10400,Helen Brady,Male,57,21351,0
10401,Amber Snyder DDS,Female,30,129206,1
10402,Alan Gallegos,Female,39,115362,0
10403,Susan Vargas,Male,31,37910,0
10404,Dr. Tara Barker,Male,29,44040,1
10405,Michael Boyd,Male,43,117538,0
10406,Laura Liu,Male,30,72327,0
10407,William Cruz,Female,38,147765,1
10408,Alexander Doyle,Male,53,98713,1
10409,Susan Wheeler,Male,51,49218,1
10410,Ryan Nelson,Male,58,30353,1
10411,Danny Pollard,Female,38,50702,0
10412,George Wood,Male,48,122043,1
10413,James Ramsey,Male,26,50395,1
10414,Adam Clarke,Female,42,83259,1
10415,Casey Case,Male,24,15466,1
10416,Crystal Buckley,Female,56,65717,1
10417,Paul Graham,Female,57,95220,1
10418,David Smith,Female,52,17977,0
10419,Jennifer Harper,Female,59,55639,1
10420,Maria Mccoy,Male,56,36992,1
10421,Amber Page,Female,48,117281,1
10422,Shannon Allen,Male,49,76004,1
10423,Jason Johnson,Male,40,64123,1
10424,Amanda Williams,Male,40,88741,1
10425,Douglas Brown,Male,55,107335,1
10426,James Johnson,Male,41,101599,0
10427,Angela Smith,Male,57,32584,1
10428,Jacqueline Williams,Male,28,133908,0
10429,Christopher Hartman,Female,52,99231,-1
10430,Eric Kelley,Male,34,146491,1
10431,Thomas Haney,Male,59,50261,1
10432,Ryan Jackson,Male,28,124332,0
10433,Thomas Roberts,Male,40,21332,1
10434,Ryan Hurley,Male,33,39551,1
10435,Katrina White,Male,53,64227,1
10436,Jason Gould,Male,49,62168,1
10437,Donna Mccoy,Female,58,107511,0
10438,Chad Hall,Male,28,144455,1
10439,Patricia Pittman,Female,58,67206,1
10440,Andrea Morris,Male,23,44466,0
10441,Matthew Garcia,Female,51,31445,0
10442,Lisa Harvey,Female,53,114447,1
10443,Tony Hill,Male,36,24595,0
10444,Heather Andrews,Male,31,40790,1
10445,Jennifer Turner,Female,50,16515,0
10446,David Rosales,Female,24,57135,0
10447,James Park,Male,56,136316,0
10448,Karen Garner,Female,32,105099,0
10449,John Scott,Female,58,15543,0
10450,Melissa Nguyen,Female,52,74247,0
10451,Richard Baird,Male,55,78054,0
10452,Wayne Willis,Male,57,112555,1
10453,Michael Wright,Male,29,85097,1
10454,Samuel Murray,Male,52,70298,0
10455,Ryan Bond,Male,44,57209,0
10456,Angel Brown,Female,45,116774,1
10457,Pamela Cooper,Female,31,146963,1
10458,Kristen Robinson,Female,53,68744,0
10459,Joseph Robinson,Male,49,89188,1
10460,Kevin Cowan,Male,32,131785,1
10461,Robert Jackson,Male,31,134607,0
10462,Carlos Pierce,Female,58,91713,1
10463,Christopher Barnes,Male,21,71089,0
10464,Danielle Cortez,Female,50,69984,1
10465,Kathryn Oconnell,Male,32,12844,0
10466,Melissa Barnett,Male,36,123216,0
10467,Toni Romero,Female,44,110116,0
10468,Frederick Stanton,Male,43,128947,0
10469,Laurie Sanchez,Female,32,55207,0
10470,Natalie Howard,Male,31,76499,0
10471,Jenna Valdez,Male,36,102009,0
10472,Dawn Tate,Male,58,17422,0
10473,Andrew Fisher,Female,33,132243,1
10474,Alan Hamilton,Male,26,77772,1
10475,Brian Holt,Female,57,12037,1
10476,Emily Rivera,Female,39,41139,0
10477,Michael Mcclure,Male,21,129101,0
10478,Ashley Anderson,Male,29,90206,1
10479,Joshua Santana,Male,47,65750,1
10480,Michael Lewis DVM,Female,46,97234,1
10481,Kayla Russo,Male,26,100330,0
10482,Michael Glover,Male,23,31527,-1
10483,Sara Arellano,Male,30,114473,0
10484,Sara Gibbs,Male,48,23709,1
10485,Jane Norton,Male,59,132065,1
10486,Mary Benson,Female,31,13122,1
10487,Daniel Richardson,Female,51,29030,1
10488,Kelly Wright,Female,38,146205,1
10489,Keith Brown,Male,20,97625,1
10490,Theresa Woods,Male,27,11047,1
10491,Austin Jones,Female,57,139519,0
10492,William Ruiz,Female,47,40437,1
10493,Katherine Fuentes,Female,23,68895,0
10494,Austin Jimenez,Male,53,33106,0
10495,Mr. Andrew Obrien MD,Female,54,135214,0
10496,Alex Meyer,Female,23,135244,1
10497,Crystal Page,Female,50,146004,1
10498,Jesus Perez,Male,24,25246,0
10499,Timothy Bennett,Male,26,84449,1
10500,Kim Robinson,Male,38,145839,0
10501,Kimberly Smith,Female,34,57660,1
10502,Joseph Mcintyre,Female,24,121586,0
10503,Shelby Barker,Female,44,12731,1
10504,Carrie Manning,Female,44,149696,0
10505,Erica Johnson,Female,27,87397,0
10506,Gerald Hudson,Male,30,135998,1
10507,Lindsay Phillips,Female,51,23159,1
10508,Kerri Fowler,Female,50,114353,0
10509,Shannon Stout,Female,28,126374,1
10510,Jon Ramirez,Male,34,71082,0
10511,Eric Aguilar,Male,56,25060,0
10512,Lisa Hart,Female,59,101426,0
10513,Debra Stafford,Female,45,70875,1
10514,Wendy Nguyen,Female,27,76861,1
10515,Kayla Hodges,Male,42,137823,1
10516,Lisa Smith,Male,26,122638,0
10517,Jeremy Riddle,Female,35,69929,1
10518,Amy Faulkner,Male,40,14714,1
10519,James Little,Male,57,96219,1
10520,Tyler Walker,Female,20,128608,1
10521,Regina Baker,Female,20,81952,1
10522,Joseph Jordan,Male,46,35136,1
10523,Robert Davenport,Male,41,70351,0
10524,Brittany Davis,Male,53,103557,0
10525,Richard Jones,Male,25,53277,0
10526,Cheryl Young,Female,32,26031,0
10527,Robin Rhodes,Female,30,77075,0
10528,Christian Watson,Female,21,116929,1
10529,Debbie Evans,Female,22,102607,0
10530,Alison Mccormick,Male,22,60678,0
10531,Jessica Nichols,Male,22,135751,1
10532,Theresa Martin,Male,23,137802,0
10533,Michael Nichols,Female,25,22125,0
10534,Paul Cannon,Male,59,115074,0
10535,Paul Arnold,Female,57,53334,0
10536,Ethan Page,Female,53,102038,1
10537,Meghan Peterson,Female,57,130369,0
10538,Mitchell Mckinney,Male,40,120851,0
10539,Joshua Harris,Female,58,138876,0
10540,Jamie Sanford,Female,30,53172,1
10541,Melissa Chavez,Female,29,22141,0
10542,Dana Mclaughlin,Female,53,78153,1
10543,Kellie King,Female,40,98645,0
10544,Chad Moore Jr.,Male,52,36582,1
10545,Calvin Brown,Male,36,89393,1
10546,Tony Mendez,Male,48,106038,1
10547,Anne Greer,Female,36,109855,1
10548,Marvin Reed,Male,49,49510,1
10549,Angel Yang,Female,21,129688,0
10550,Mrs. Rebecca Mata,Male,39,142482,1
10551,Joe Walker,Male,41,64551,0
10552,Amy Coleman,Male,45,100578,0
10553,William Walters,Female,20,129470,1
10554,Shelby Miller,Male,32,103974,0
10555,Matthew Brooks,Female,31,119940,0
10556,Diana Ramos,Male,23,19184,-1
10557,Mark Terry,Female,33,25362,0
10558,Terry Garcia,Female,55,73503,1
10559,Jaime Cook,Female,23,83217,0
10560,Jesus Chang,Female,56,32402,0
10561,John Reyes,Male,52,21337,0
10562,Jason Avila,Female,58,102128,0
10563,Robert Smith,Male,39,104664,1
10564,Terry Ross,Female,21,89592,0
10565,John Smith,Male,57,26952,-1
10566,Andrew Jackson,Male,56,81718,1
10567,Jeffery Travis,Female,23,78857,1
10568,Katherine Riley,Female,33,14541,0
10569,Anthony Villanueva,Female,52,145775,1
10570,Scott Stevenson,Female,42,80104,0
10571,Cheryl Dawson,Male,42,114335,1
10572,Michael Jacobs,Male,58,69657,0
10573,Jennifer Cabrera,Male,55,36503,0
10574,Arthur Ramirez,Female,36,26427,1
10575,Kayla Owen,Male,49,27079,0
10576,Virginia Hill,Female,26,69238,1
10577,Eric Fox,Female,43,96847,0
10578,Charles Oneal,Male,22,48238,0
10579,Scott Stanley,Male,58,144348,1
10580,William Chapman,Female,20,44323,0
10581,Ryan Sullivan,Male,32,70211,1
10582,Erin Cross,Female,20,11526,1
10583,Bill Rodriguez,Male,53,88976,0
10584,Randy Walker,Female,56,8513,0
10585,Dr. Kelly Johnson DDS,Female,34,142849,1
10586,Katherine Jones,Male,20,123977,1
10587,Bonnie Briggs,Male,21,130209,1
10588,Elizabeth Baker,Female,48,53902,0
10589,Michelle Johnson,Male,53,112553,0
10590,Julie Clay,Male,37,55049,0
10591,Scott Garrison,Female,55,139224,0
10592,Amanda Oliver,Female,30,133654,1
10593,Jeff May,Female,37,63932,-1
10594,Justin Todd,Female,42,9019,1
10595,Laurie Lawson,Male,42,31677,1
10596,Courtney Cowan,Female,23,15770,1
10597,Ruth Cruz,Male,37,81892,0
10598,Aaron Taylor,Male,53,88305,1
10599,William Strong,Male,20,10548,0
10600,Peter Davis,Male,58,131354,0
10601,Corey Johnson DDS,Male,54,114895,0
10602,John Maddox,Female,42,41496,0
10603,Jennifer Green,Female,44,73786,1
10604,Robin Lopez,Male,53,66388,1
10605,Patricia Bird,Male,29,64196,1
10606,Christina Kim,Female,32,40539,1
10607,Victoria Frost,Female,43,63795,-1
10608,Joshua Williams,Male,49,25136,0
10609,Tara Garcia,Male,52,64088,1
10610,James Zhang,Female,53,34797,0
10611,Mary Jones,Female,38,55668,1
10612,William Nguyen,Female,49,137237,0
10613,Daniel Spears,Male,48,44057,1
10614,Tabitha Newman,Female,50,13876,0
10615,Jennifer Hernandez,Female,27,29470,0
10616,Kaitlyn Torres,Female,33,26238,1
10617,Maria Beasley,Male,49,123577,0
10618,Christine Nelson,Male,28,78144,0
10619,Ebony Leonard,Female,48,123599,1
10620,Patrick Carter,Male,53,35881,-1
10621,Jennifer Nelson,Female,21,119038,-1
10622,Allison Sanchez,Female,41,146269,0
10623,Jason Carney,Male,22,100290,1
10624,Alejandra Morales DDS,Male,27,148302,1
10625,Mackenzie Keith,Male,58,18758,1
10626,Jordan Hodge,Male,40,53056,1
10627,April Hawkins,Male,44,60379,1
10628,Mitchell Nelson,Male,26,54134,-1
10629,Aaron Reyes,Female,34,142542,1
10630,Michael Lee,Male,40,86960,1
10631,Kaylee Sparks,Male,43,42429,1
10632,Scott Turner,Female,50,95834,1
10633,Bryan Smith,Male,53,14370,0
10634,Evan Lane DVM,Female,29,14173,1
10635,Frank Byrd,Female,47,76479,0
10636,Shannon Watts,Female,37,67968,1
10637,Tiffany Lloyd,Female,45,96013,0
10638,Lisa Daugherty,Female,22,120919,1
10639,Frances Smith,Female,38,64981,0
10640,Mr. Joseph Flores,Female,32,31222,1
10641,Christina Anderson,Male,37,82449,0
10642,Mrs. Alyssa Stevens,Female,51,34000,0
10643,Jacob Patrick,Male,22,13385,0
10644,Blake Adams,Male,58,128210,1
10645,Morgan Simmons,Male,26,64628,1
10646,Ethan Benson,Male,48,149201,0
10647,Brittany Santos,Male,41,80444,1
10648,Amanda Lyons,Female,56,93245,0
10649,Christina Hall,Female,30,116736,1
10650,Emily Walker,Male,58,9476,1
10651,Donald Harrell,Female,27,85420,0
10652,Jason Reid,Female,24,28761,1
10653,Heidi Potter,Male,50,100662,1
10654,Clayton Martin,Female,47,65105,0
10655,Brandi Romero,Male,49,124487,0
10656,Michael Simon,Female,58,18407,0
10657,Mr. Anthony Morales,Male,32,22258,1
10658,Carl Lewis,Male,32,134955,0
10659,Benjamin Harris,Male,30,80573,1
10660,Stephen Conner,Female,43,12109,1
10661,Maria Pugh,Male,29,9513,0
10662,Craig Valencia,Male,56,54107,0
10663,Michelle Kennedy,Male,38,15256,1
10664,Erica Hall,Male,47,38667,0
10665,Andrew Shaffer,Female,55,69096,0
10666,Michael Collins,Female,29,33935,0
10667,Robyn Schultz,Female,33,109050,0
10668,Heather Hayes,Female,41,88158,0
10669,Rachel Jones,Male,51,13604,0
10670,Vanessa Crawford,Male,55,110878,-1
10671,Mrs. Suzanne Brown DDS,Female,47,32068,1
10672,Tracy Miller,Female,24,88937,1
10673,Jeffrey Pena,Female,51,9313,1
10674,Sylvia Clark,Male,59,46353,0
10675,Amy Peters,Male,34,22334,1
10676,Chelsea Bryant,Female,40,21021,0
10677,Jamie Herrera,Male,20,124060,-1
10678,Steven Booth,Male,48,77893,0
10679,Curtis Fisher,Male,34,59555,1
10680,Randy Bradley,Male,30,46563,0
10681,Gary Hernandez,Male,21,74028,0
10682,Angela Morris,Female,36,108075,0
10683,Robert Dyer,Male,38,110082,0
10684,Linda Wilkinson,Female,50,142729,1
10685,Brittany Taylor,Female,44,103727,1
10686,Dustin Kline,Male,44,59983,1
10687,Karl Massey,Male,58,133086,0
10688,Jason Miller,Female,31,32675,0
10689,Jared Watson,Male,48,48686,0
10690,Heather Anderson,Male,28,12949,0
10691,Amanda Taylor,Female,50,68704,1
10692,Jerry Hebert,Female,37,51360,0
10693,Jeff Bauer,Male,56,35568,0
10694,Ariel Taylor,Female,56,112414,1
10695,Jennifer Fowler,Female,50,34610,0
10696,Seth James,Female,55,34160,1
10697,Richard Malone,Male,35,51532,1
10698,James Perry,Female,20,53686,-1
10699,Kelly Lee,Male,31,81947,1
10700,Tammy Holden,Male,42,40425,0
10701,Kimberly Mcconnell,Female,44,42707,0
10702,Samantha Burton,Female,29,142775,-1
10703,Jenna Reyes,Male,24,41613,0
10704,Julie Anderson,Male,55,73643,0
10705,Debra Simon,Male,59,100611,1
10706,Timothy Wells,Female,34,65362,1
10707,Sharon Moran,Male,29,72843,0
10708,William Taylor,Male,31,103930,1
10709,James Fletcher,Male,39,48048,-1
10710,Amy Carter,Female,26,8604,0
10711,Lindsay Austin,Male,49,57330,1
10712,Francis Hubbard,Female,58,55450,1
10713,Sarah Murphy,Male,32,84686,0
10714,Kelly Moore,Female,26,124789,0
10715,Cynthia Higgins,Female,55,65537,1
10716,Christina Ward,Male,46,148916,1
10717,Tammy Brown,Female,40,49889,0
10718,Dr. Shawn Davis,Male,49,76710,0
10719,Jeremy Nguyen,Female,35,30252,0
10720,Eugene Chen,Male,54,87808,0
10721,Maria Edwards,Male,34,70886,0
10722,Jason Thompson,Female,26,65166,1
10723,Anthony Olson,Male,44,54647,1
10724,Calvin Fields,Male,40,68506,0
10725,Tina Mendoza MD,Male,30,15138,1
10726,Stephanie Branch,Male,32,102688,0
10727,Autumn Coffey,Female,51,142671,-1
10728,Stacey Lee,Male,32,93935,1
10729,James Brown,Male,24,89442,1
10730,Matthew Huerta,Female,59,35787,1
10731,Devin Thomas,Female,35,18851,1
10732,Linda Lamb,Female,58,107562,1
10733,Hannah Gomez,Female,47,70645,1
10734,Dennis Russell,Female,23,91488,0
10735,Amy Wilson,Male,47,29851,0
10736,Annette Little,Male,48,29502,0
10737,Erika Rose,Male,54,40566,0
10738,Steven Johnson,Male,28,35903,1
10739,Christopher Ayala,Male,36,52405,1
10740,Kyle Mathews,Female,21,25411,0
10741,Lisa Miller,Female,42,127105,0
10742,Jeanette Green,Female,55,149040,0
10743,Scott Nelson,Female,52,93801,1
10744,John Miller,Male,58,142092,1
10745,Stephanie Allen,Male,41,54502,1
10746,Holly Goodwin,Male,27,59482,1
10747,Jessica Yoder,Male,34,61511,1
10748,Brittney Zamora,Male,48,120256,0
10749,Michael Hart,Female,43,21558,1
10750,Jennifer Morgan,Female,37,99667,1
10751,John Anthony,Male,58,46519,1
10752,Kevin Leblanc,Male,26,93706,1
10753,Lance Sanchez,Female,59,71734,0
10754,Joel Grant,Male,35,94750,0
10755,Travis Hawkins MD,Male,52,93689,0
10756,Brian Norris,Male,26,16347,1
10757,Elizabeth Fuentes,Male,33,78553,1
10758,Lisa Lee,Female,28,11543,1
10759,Lee Jacobs,Female,49,20078,0
10760,Melissa Morrison,Male,36,83510,0
10761,Lauren Jensen,Female,38,23404,1
10762,Gregory Brown,Female,32,147979,1
10763,Krystal Torres,Female,57,85397,1
10764,Russell Harrison DVM,Male,46,95493,-1
10765,Charles Hammond,Male,31,57529,0
10766,Kevin Cisneros,Male,56,138358,0
10767,Shannon Perez,Female,28,115459,1
10768,Deborah Green,Male,33,120992,1
10769,Darren Miller,Female,48,70106,0
10770,Alice Henderson,Female,45,27576,0
10771,Andrew Scott,Male,45,45834,1
10772,Tamara Tate,Female,49,65084,0
10773,Debra Smith,Female,28,134409,0
10774,Jack Rogers,Female,47,84037,1
10775,Shawn Williams,Male,23,100316,0
10776,Stephanie White,Female,46,98237,0
10777,Albert Fischer,Male,36,90277,1
10778,Samantha Snyder,Female,49,148206,1
10779,Juan Mcdonald,Female,49,33102,0
10780,Ricky Jacobson,Female,38,149662,1
10781,William Small,Male,47,34911,0
10782,David Lewis,Female,47,31889,0
10783,Carlos Hernandez,Female,49,50540,1
10784,William Dillon,Female,21,105512,0
10785,Howard Barton,Male,32,147988,-1
10786,Ronald Chavez,Female,59,84945,0
10787,Joseph Clark,Female,48,66243,0
10788,Christopher Reed,Male,39,140181,0
10789,George Gill,Female,46,79860,1
10790,Megan Cruz,Male,27,41176,1
10791,Rebecca Reyes,Female,46,76574,1
10792,Theresa Arnold,Female,33,68253,1
10793,Diane Thomas,Female,49,73133,1
10794,Elizabeth Webster,Male,35,124073,1
10795,Levi Gray,Male,46,75163,1
10796,Anne Bryant,Male,48,132399,0
10797,Eric Martinez,Male,38,73498,1
10798,Gina Austin,Female,25,145497,1
10799,Lauren Rogers,Female,49,93451,1
10800,Leslie Davis,Female,28,137614,0
10801,Omar Maxwell,Female,56,103560,1
10802,Laura Conway,Male,36,140843,0
10803,Katie Bush,Female,56,15389,0
10804,David Nelson,Female,27,83216,0
10805,Kim Whitney,Male,36,83901,0
10806,Kristin Miller,Female,37,23813,0
10807,Amber Bailey,Female,52,136708,0
10808,Devon Perez,Male,48,127993,1
10809,Tina Williams,Male,55,125660,1
10810,Jessica Rivera,Female,21,23183,1
10811,Jose Garrett,Female,33,69813,0
10812,Laura Contreras,Male,42,44785,1
10813,Michael Hinton,Male,30,132876,1
10814,Shannon Jones DVM,Female,46,53877,0
10815,Paula Weber,Male,22,80653,0
10816,Debbie Rogers,Female,42,49270,0
10817,Kayla Gonzales,Male,58,10910,0
10818,Laura Mullins,Female,24,134705,0
10819,Paula Baldwin,Female,58,63660,1
10820,William Martinez,Male,32,111905,0
10821,Daniel Reyes,Male,56,85803,1
10822,Cynthia Daniel,Female,38,119356,-1
10823,Jordan Ball,Male,20,129702,1
10824,Bruce Lopez,Male,39,121462,0
10825,Lisa Jones,Male,51,27941,1
10826,John Mcintosh,Male,59,136307,0
10827,Mary Butler,Female,34,22244,1
10828,James Fox,Male,31,89781,1
10829,Kenneth White,Female,24,92603,0
10830,Eric Jones,Male,48,129285,0
10831,Patricia Olson,Female,58,43471,1
10832,Christopher Duncan,Male,22,129537,1
10833,Danielle Chase,Male,56,90088,1
10834,Colin Smith,Male,50,119452,1
10835,Lauren Garner,Male,31,47685,0
10836,Lisa Hamilton,Male,40,130332,1
10837,Tracy Reeves,Female,50,111008,1
10838,Chris Clayton,Male,32,60347,1
10839,Ryan Summers,Female,44,100977,0
10840,Daniel Schroeder,Female,42,35142,0
10841,Elizabeth Owens,Female,20,148735,0
10842,Susan Mclaughlin,Male,23,88950,0
10843,Charles Middleton,Female,25,139029,0
10844,Andrew Benton,Male,35,95188,0
10845,Sean Park,Male,29,16865,0
10846,Wendy Bonilla,Male,24,51770,0
10847,Robert Crawford,Female,40,124973,1
10848,Megan Clark,Male,29,104120,1
10849,Benjamin Martinez,Male,46,99296,1
10850,William Brown,Female,21,59828,0
10851,Dakota Ortiz,Female,52,120343,1
10852,Brooke Mclean,Male,33,97948,1
10853,Kimberly Odonnell,Male,23,97729,0
10854,Rachel Sloan,Female,22,36498,0
10855,Jacqueline Richards,Female,52,57921,1
10856,Kristin Christensen,Male,31,73489,1
10857,Mr. Gerald Walter Jr.,Female,42,93335,1
10858,Barbara Edwards,Male,44,112666,0
10859,Brian Mitchell,Female,41,124914,1
10860,George Clark,Female,47,137240,1
10861,Jennifer Nelson,Male,22,56442,0
10862,Tina Hernandez DVM,Female,51,118041,0
10863,Michael Carpenter,Female,48,126531,0
10864,Dale Perkins,Female,26,43878,1
10865,Susan Green,Female,57,146488,0
10866,Brittany Brown,Female,20,116067,0
10867,Cassie Garcia,Male,46,25376,0
10868,Paul Keller,Female,23,87763,1
10869,Nathan Villa,Female,48,86145,0
10870,Brent Molina,Male,39,93499,1
10871,Valerie Hamilton,Female,55,80171,0
10872,Jody Smith,Male,43,142553,0
10873,Kelly Hutchinson,Male,38,26434,0
10874,Kayla Smith,Male,51,32491,0
10875,Vincent Greer,Male,20,74005,0
10876,Lisa Reid,Male,51,75154,1
10877,Janet Gonzalez,Female,44,87870,1
10878,Crystal Miller,Male,53,34754,0
10879,Karen Trujillo,Female,36,11208,0
10880,Francis Mendoza,Female,27,14525,0
10881,Amy Collins,Male,50,120685,0
10882,Jerry Jenkins,Male,28,139847,1
10883,Jeffrey Dalton,Female,28,70556,0
10884,Joseph Carr,Male,28,29813,0
10885,Brittany Perry,Male,54,144512,0
10886,Linda Stone,Female,57,78369,0
10887,Jessica Flores,Male,54,84236,1
10888,Jason Perez,Male,31,120852,0
10889,Casey Leach II,Male,56,103818,1
10890,Kelly Ali,Male,33,67020,0
10891,Amanda Norman,Male,42,30742,0
10892,Maria King,Male,24,146043,0
10893,Virginia Clark,Male,55,129740,1
10894,Kylie Mendoza,Male,29,64094,0
10895,Benjamin Mendoza,Female,59,136017,0
10896,Angela Anthony,Male,38,136542,0
10897,Gregory White,Male,38,93304,-1
10898,Richard Padilla,Male,52,116234,-1
10899,Charles Davis,Female,23,89234,1
10900,John Beck,Male,25,61591,0
10901,Megan Shaffer,Male,39,95358,0
10902,Sheila Wright,Male,31,75826,1
10903,Cindy Weber DDS,Female,53,91209,0
10904,Matthew Hart,Male,36,72395,1
10905,Jessica Irwin,Female,46,43127,1
10906,Craig Olson,Male,48,128555,0
10907,Tracy Hughes,Male,53,37419,1
10908,Austin Randall,Female,49,61934,1
10909,Tonya Johnson,Female,59,43614,0
10910,Miss Nancy Hayes,Female,53,100551,0
10911,Justin Mueller,Male,52,123086,0
10912,Melissa Taylor,Male,46,121912,0
10913,Gary Taylor,Male,35,142095,0
10914,Patrick Goodwin,Male,59,128001,1
10915,Hannah Sandoval,Male,29,132997,0
10916,Joseph Buckley,Female,54,87960,0
10917,Tammy Sutton,Female,41,107267,1
10918,Michael Palmer,Male,23,119593,0
10919,Corey Hickman,Female,32,38191,0
10920,Max Browning,Male,33,130388,0
10921,Stephanie Werner,Male,47,43545,0
10922,Nicole Smith,Female,45,126386,0
10923,Brian House,Male,55,35738,0
10924,Jesse Rodriguez,Female,29,117571,-1
10925,Seth Jones,Female,20,100143,0
10926,Sherry Stone,Male,54,74202,1
10927,Corey Hill,Female,54,95218,1
10928,Fred Cruz,Female,54,71311,1
10929,Richard Bentley,Female,54,100113,0
10930,William Cook,Male,23,131562,1
10931,Dylan Spence,Male,41,60595,0
10932,Nathaniel Mason,Male,24,109205,0
10933,Ashley Harris,Female,33,76462,0
10934,Rodney Howard,Male,40,64443,1
10935,Jose Moore,Female,55,57716,1
10936,Brenda Gibson,Male,53,60901,1
10937,Xavier Keith,Male,57,94551,1
10938,Jennifer James,Male,23,62237,1
10939,William Dalton,Male,46,137627,0
10940,Joseph Castro,Male,41,21413,1
10941,Tracy Dillon,Male,22,61942,0
10942,Joseph Webb,Male,40,73271,0
10943,Kari Owens,Female,45,8523,-1
10944,Angel Best,Male,53,61660,1
10945,Wendy Logan,Female,22,109530,1
10946,Lawrence Curtis,Male,36,63750,0
10947,Nichole Walton,Male,30,119476,1
10948,Danny Carter,Male,44,25560,0
10949,Amber Tate,Male,48,68154,0
10950,Anthony Henry,Female,20,76020,1
10951,James Wilson,Male,35,31677,0
10952,Joshua Perez Jr.,Male,48,34606,1
10953,Susan Clark,Male,48,117379,1
10954,Melinda Johnson,Male,22,114851,0
10955,Rebecca Gay,Male,55,137272,0
10956,Brian Black,Female,57,143875,1
10957,Karen Graham,Female,49,98455,0
10958,Victor Garcia,Male,59,44503,0
10959,Jason Russell,Female,58,87695,0
10960,Mark Shea,Male,39,14628,0
10961,Jerry Barry,Female,50,97348,1
10962,Eric Townsend,Male,46,114021,0
10963,Larry Rodriguez,Male,46,61430,0
10964,Ricky Booker,Female,38,102945,0
10965,Michael Potts,Female,58,15450,0
10966,Kyle Richardson,Male,51,72639,1
10967,Heather Griffin,Male,59,141026,0
10968,Amy Anderson,Male,28,102565,1
10969,Carl Mejia,Male,40,39142,0
10970,Kimberly Richards,Male,40,19561,1
10971,William Ramirez,Female,35,45309,0
10972,Ashley Williams,Female,52,134776,0
10973,Leon Weber,Male,48,96247,0
10974,Antonio Simpson,Female,46,113802,0
10975,Brooke Cohen,Male,42,145239,0
10976,Mary Brewer,Male,25,18148,0
10977,Shannon Powell,Male,58,43597,1
10978,Dawn Davis,Male,37,53454,1
10979,Tristan Decker,Female,50,30415,0
10980,Jane Perez,Female,36,69271,0
10981,Steven Washington,Male,53,45830,0
10982,Whitney Taylor,Female,20,22669,-1
10983,Derek Sanchez,Male,36,29750,1
10984,Ryan Barrera,Female,46,22110,0
10985,Russell Carter,Male,27,95417,1
10986,David Erickson,Male,26,94263,0
10987,Shane Fox,Male,50,60113,1
10988,Adam Hatfield,Male,45,104554,1
10989,Nicholas Stone,Male,30,115342,0
10990,Tami Smith,Male,45,79098,1
10991,Kathy Bowers,Female,45,63898,1
10992,Martha York,Female,35,76025,-1
10993,William Hodges,Female,42,112331,0
10994,Jane James,Male,56,22014,1
10995,Devin Bruce,Female,42,126491,0
10996,Henry Bass,Male,37,99750,1
10997,Kathleen Donaldson,Female,36,31315,1
10998,Wesley Mosley,Male,47,112815,1
10999,Mark Mitchell,Female,20,140477,0
11000,Faith Mcdaniel,Female,58,109808,1
